t,true_px,true_py,meas_px,meas_py,est_px,est_py
0,-0.0101905,43.2635,-0.120329,43.2684,-0.119256,42.8825
0.01,0.0198095,43.2628,-0.574986,42.8387,-0.347501,42.8608
0.02,0.0498095,43.2612,-0.126127,43.0619,-0.272496,42.9294
0.03,0.0798095,43.2586,-0.288508,43.2459,-0.27669,43.0126
0.04,0.109809,43.255,0.607257,42.8289,-0.084926,42.9737
0.05,0.139809,43.2505,-0.0589298,43.413,-0.0784497,43.0575
0.06,0.16981,43.2449,0.211434,42.9167,-0.0270697,43.0349
0.07,0.19981,43.2384,-0.349189,43.332,-0.0761219,43.0837
0.08,0.22981,43.2309,0.196709,43.1635,-0.0331557,43.098
0.09,0.25981,43.2224,0.677008,43.2586,0.0737756,43.1241
0.1,0.28981,43.2129,-0.14445,43.2719,0.0474471,43.1485
0.11,0.319809,43.2025,0.19162,43.4256,0.0721656,43.1916
0.12,0.349809,43.1911,0.109499,42.9265,0.0822575,43.159
0.13,0.379809,43.1787,0.728177,43.0814,0.178265,43.1517
0.14,0.409809,43.1653,0.515303,43.4429,0.233725,43.1959
0.15,0.439809,43.1509,0.398484,43.3436,0.266505,43.2214
0.16,0.469809,43.1355,0.456682,43.3071,0.303661,43.2388
0.17,0.499809,43.1192,0.551845,43.4982,0.349944,43.2812
0.18,0.529809,43.1019,0.475341,43.3798,0.380032,43.3022
0.19,0.559809,43.0836,0.59247,42.6759,0.423022,43.2208
0.2,0.58981,43.0643,0.872939,43.6983,0.500661,43.2928
0.21,0.61981,43.0441,0.5608,43.266,0.525134,43.2956
0.22,0.64981,43.0228,0.668428,43.0215,0.56157,43.2632
0.23,0.67981,43.0006,0.843923,42.9856,0.618214,43.2291
0.24,0.70981,42.9774,0.768482,42.9622,0.657382,43.1952
0.25,0.739811,42.9532,1.1501,43.062,0.74523,43.179
0.26,0.769811,42.9281,0.843362,42.9188,0.779712,43.1445
0.27,0.799811,42.9019,1.24021,42.9693,0.865083,43.1207
0.28,0.829811,42.8748,1.09176,42.8581,0.919603,43.0842
0.29,0.859811,42.8467,0.782208,42.5009,0.924424,43.0022
0.3,0.889812,42.8176,1.04621,42.9732,0.964413,42.9946
0.31,0.919812,42.7876,0.757887,43.1399,0.959615,43.0108
0.32,0.949812,42.7565,0.735215,42.6157,0.951556,42.9536
0.33,0.979812,42.7245,0.966615,42.689,0.975282,42.9129
0.34,1.00981,42.6915,1.79376,42.8529,1.10804,42.8991
0.35,1.03981,42.6575,0.857829,42.356,1.09892,42.8198
0.36,1.06981,42.6225,1.24962,43.0417,1.14289,42.8417
0.37,1.09981,42.5866,1.19031,42.6139,1.17339,42.8041
0.38,1.12981,42.5496,1.19731,42.7171,1.20082,42.7846
0.39,1.15981,42.5117,0.981471,42.8792,1.19583,42.789
0.4,1.18981,42.4728,1.27925,42.8818,1.23027,42.7936
0.41,1.21981,42.4329,0.95165,42.5352,1.21699,42.7519
0.42,1.24981,42.3921,1.24604,43.017,1.24335,42.7786
0.43,1.27981,42.3502,1.42043,42.6543,1.28917,42.7549
0.44,1.30981,42.3074,1.6652,42.385,1.36153,42.6986
0.45,1.33981,42.2636,1.55784,42.2466,1.41143,42.6306
0.46,1.36981,42.2188,0.944192,42.5373,1.37532,42.608
0.47,1.39982,42.1731,1.15447,42.0292,1.36981,42.5221
0.48,1.42982,42.1263,1.85883,42.3362,1.45565,42.4854
0.49,1.45982,42.0786,1.67332,41.8861,1.50772,42.3948
0.5,1.48982,42.0299,1.44058,41.8017,1.52355,42.3033
0.51,1.51982,41.9802,1.67238,42.0166,1.56695,42.2496
0.52,1.54982,41.9295,1.75548,41.8615,1.6158,42.1821
0.53,1.57982,41.8779,1.33759,42.107,1.60518,42.1537
0.54,1.60982,41.8252,1.99234,41.6552,1.67896,42.071
0.55,1.63982,41.7716,2.34477,41.6912,1.78942,42.002
0.56,1.66982,41.717,1.33496,41.627,1.75855,41.9327
0.57,1.69982,41.6614,1.31235,42.0688,1.72737,41.9276
0.58,1.72982,41.6049,1.40671,41.4608,1.71084,41.8461
0.59,1.75982,41.5474,1.809,41.7334,1.74663,41.8085
0.6,1.78982,41.4888,1.67859,41.7992,1.76149,41.7837
0.61,1.81982,41.4293,1.76439,41.6492,1.7851,41.7432
0.62,1.84982,41.3689,2.37774,40.6916,1.88342,41.586
0.63,1.87982,41.3074,1.62079,41.3303,1.87497,41.5268
0.64,1.90982,41.245,2.17143,41.5102,1.93647,41.4972
0.65,1.93982,41.1815,1.69585,41.6684,1.93081,41.4914
0.66,1.96982,41.1171,1.95492,41.414,1.95785,41.4548
0.67,1.99982,41.0518,2.38856,40.6544,2.03621,41.3267
0.68,2.02982,40.9854,1.9197,41.3265,2.04665,41.2975
0.69,2.05982,40.918,2.24982,41.0133,2.09699,41.2326
0.7,2.08982,40.8497,2.3434,40.9897,2.15326,41.1721
0.71,2.11982,40.7804,1.77768,40.5498,2.13182,41.0634
0.72,2.14982,40.7101,2.35434,41.0147,2.18452,41.0252
0.73,2.17982,40.6388,1.73369,41.0096,2.15307,40.9911
0.74,2.20982,40.5666,2.55206,40.4554,2.22713,40.8917
0.75,2.23982,40.4934,2.91888,40.3851,2.339,40.7946
0.76,2.26982,40.4192,2.54802,40.3319,2.39207,40.7017
0.77,2.29982,40.344,2.00376,40.4781,2.37063,40.6376
0.78,2.32982,40.2678,2.35644,40.0301,2.39499,40.5249
0.79,2.35982,40.1906,1.86401,40.5298,2.3544,40.4875
0.8,2.38982,40.1125,2.35645,40.3317,2.37912,40.43
0.81,2.41982,40.0334,2.29068,40.3079,2.39242,40.3764
0.82,2.44982,39.9533,2.39031,39.7964,2.41622,40.2653
0.83,2.47982,39.8722,2.48487,39.9308,2.4488,40.1834
0.84,2.50982,39.7901,2.22892,39.9714,2.44536,40.1161
0.85,2.53982,39.7071,2.58087,39.3365,2.48574,39.9772
0.86,2.56982,39.6231,2.40878,39.3722,2.49982,39.8582
0.87,2.59982,39.5381,2.7502,39.7511,2.55459,39.8
0.88,2.62982,39.4521,2.45066,39.0505,2.56563,39.6613
0.89,2.65982,39.3651,2.50218,39.8038,2.58137,39.6322
0.9,2.68982,39.2772,2.55481,40.058,2.60149,39.6392
0.91,2.71982,39.1883,2.9187,39.521,2.66445,39.5794
0.92,2.74982,39.0984,2.53508,39.504,2.67236,39.5248
0.93,2.77982,39.0075,2.66874,39.0198,2.69557,39.4163
0.94,2.80982,38.9156,3.01075,39.5395,2.75855,39.3852
0.95,2.83983,38.8227,2.69615,38.522,2.77512,39.2313
0.96,2.86983,38.7289,2.23922,38.6835,2.73225,39.1145
0.97,2.89983,38.6341,2.9492,38.4768,2.78194,38.9852
0.98,2.92983,38.5383,3.17208,38.5889,2.85379,38.8845
0.99,2.95983,38.4415,2.86405,39.0046,2.87917,38.8474
1,2.98983,38.3438,2.3834,38.4313,2.84127,38.7437
1.01,3.01983,38.245,3.16767,38.4314,2.90467,38.6521
1.02,3.04983,38.1453,2.90533,37.6542,2.92819,38.4741
1.03,3.07983,38.0446,2.43164,37.9086,2.88953,38.3476
1.04,3.10983,37.9429,3.04273,37.7673,2.9306,38.2178
1.05,3.13983,37.8403,2.84103,38.2179,2.94169,38.1592
1.06,3.16983,37.7366,3.05355,37.7102,2.97763,38.0446
1.07,3.19983,37.632,2.98383,37.4908,3.00061,37.9159
1.08,3.22983,37.5264,2.88682,37.4182,3.00856,37.7929
1.09,3.25983,37.4198,3.38447,37.4367,3.07727,37.6864
1.1,3.28983,37.3122,3.47195,36.9255,3.14929,37.5285
1.11,3.31983,37.2037,3.06045,37.8461,3.16195,37.5035
1.12,3.34983,37.0941,3.97156,37.0525,3.28646,37.3835
1.13,3.37983,36.9836,3.10175,37.0943,3.28897,37.2827
1.14,3.40983,36.8721,3.48214,37.0488,3.33807,37.1883
1.15,3.43983,36.7597,3.50567,36.7434,3.38443,37.067
1.16,3.46983,36.6462,3.5267,37.1179,3.42801,37.0067
1.17,3.49983,36.5318,3.09687,36.6695,3.41279,36.8982
1.18,3.52983,36.4164,3.58749,36.6129,3.45973,36.7955
1.19,3.55983,36.3,3.65518,35.5505,3.50966,36.5724
1.2,3.58983,36.1826,3.69795,35.5924,3.55916,36.3793
1.21,3.61983,36.0642,3.60275,36.3663,3.59102,36.3043
1.22,3.64983,35.9449,3.68987,35.841,3.62982,36.1734
1.23,3.67983,35.8246,3.74355,35.5025,3.67066,36.0155
1.24,3.70983,35.7033,3.80683,35.8054,3.71453,35.9135
1.25,3.73983,35.581,3.86667,35.7842,3.76068,35.8213
1.26,3.76983,35.4577,3.33306,35.3832,3.7348,35.6904
1.27,3.79983,35.3335,3.47691,35.2434,3.72885,35.5575
1.28,3.82983,35.2082,3.79544,34.8009,3.76262,35.3849
1.29,3.85983,35.082,4.23333,35.2419,3.84692,35.2871
1.3,3.88983,34.9548,3.53989,35.2403,3.83536,35.2011
1.31,3.91983,34.8267,4.29595,34.8128,3.91869,35.0727
1.32,3.94983,34.6975,3.98465,34.5866,3.95394,34.9312
1.33,3.97983,34.5674,3.65311,35.0652,3.9435,34.8661
1.34,4.00983,34.4363,3.9317,34.7853,3.96824,34.7747
1.35,4.03983,34.3042,4.14861,34.3605,4.01684,34.6418
1.36,4.06983,34.1711,3.92331,34.3424,4.03167,34.5224
1.37,4.09983,34.0371,4.28912,33.7439,4.08997,34.3426
1.38,4.12982,33.902,4.23012,34.0902,4.13425,34.2265
1.39,4.15982,33.766,4.32293,33.6974,4.18488,34.0756
1.4,4.18982,33.629,4.27416,33.9719,4.22354,33.9765
1.41,4.21982,33.491,4.5254,33.6355,4.28889,33.8478
1.42,4.24981,33.3521,4.47925,33.0678,4.34106,33.6637
1.43,4.27981,33.2121,3.60809,33.0347,4.27843,33.4965
1.44,4.30981,33.0712,4.38912,33.3104,4.31899,33.3832
1.45,4.33981,32.9293,4.36242,32.5733,4.35138,33.1918
1.46,4.36981,32.7864,4.21213,33.0709,4.36101,33.0844
1.47,4.3998,32.6426,4.17256,32.5092,4.36404,32.9203
1.48,4.4298,32.4977,4.49928,32.9023,4.40686,32.8245
1.49,4.4598,32.3519,4.39401,32.481,4.43149,32.6883
1.5,4.4898,32.2051,4.04436,32.0841,4.40929,32.5189
1.51,4.5198,32.0573,4.14484,31.5565,4.40127,32.3035
1.52,4.54979,31.9085,4.72679,32.0959,4.46607,32.1799
1.53,4.57979,31.7588,4.20061,32.6791,4.45793,32.1443
1.54,4.60979,31.608,4.29535,31.8126,4.46183,32.0066
1.55,4.63979,31.4563,4.37339,31.5417,4.47446,31.8517
1.56,4.66978,31.3036,4.66873,30.9411,4.52206,31.6402
1.57,4.69978,31.1499,4.8217,31.2927,4.58326,31.4968
1.58,4.72978,30.9953,4.89675,30.6629,4.64694,31.2921
1.59,4.75978,30.8396,4.6395,30.3656,4.67134,31.0739
1.6,4.78978,30.683,4.99135,30.8157,4.73651,30.9368
1.61,4.81977,30.5254,4.56809,30.3573,4.74153,30.7593
1.62,4.84977,30.3668,4.9535,29.7776,4.79347,30.5303
1.63,4.87977,30.2073,4.56807,29.7953,4.79133,30.3298
1.64,4.90977,30.0467,4.74756,30.1537,4.81116,30.1974
1.65,4.93976,29.8852,4.75414,29.9086,4.82913,30.0507
1.66,4.96976,29.7227,5.0136,30.0232,4.87701,29.9362
1.67,4.99976,29.5592,4.80769,29.6522,4.89365,29.79
1.68,5.02976,29.3947,4.80504,29.7676,4.90761,29.676
1.69,5.05976,29.2293,4.58166,28.7519,4.89163,29.4498
1.7,5.08975,29.0629,4.76092,29.0476,4.89905,29.2865
1.71,5.11975,28.8954,4.71492,28.5063,4.89937,29.0753
1.72,5.14975,28.727,5.46626,28.5337,4.99284,28.892
1.73,5.17975,28.5577,5.4804,29.0012,5.07788,28.7889
1.74,5.20975,28.3873,5.126,27.9515,5.10934,28.5684
1.75,5.23974,28.216,5.08308,28.2964,5.13157,28.4164
1.76,5.26974,28.0437,5.32061,28.2294,5.18052,28.2747
1.77,5.29974,27.8704,4.9375,27.9406,5.17599,28.1145
1.78,5.32974,27.6961,5.11831,27.7517,5.19384,27.9502
1.79,5.35973,27.5208,5.42036,27.3615,5.24692,27.757
1.8,5.38973,27.3446,5.29102,26.8071,5.27778,27.5176
1.81,5.41973,27.1674,5.28314,27.2016,5.30385,27.355
1.82,5.44973,26.9892,5.24671,27.034,5.32205,27.1914
1.83,5.47973,26.81,5.67735,26.9308,5.39148,27.0347
1.84,5.50972,26.6298,4.87229,26.3076,5.35268,26.8196
1.85,5.53972,26.4487,5.48885,26.2826,5.39416,26.6266
1.86,5.56972,26.2666,5.63063,26.6901,5.44846,26.5074
1.87,5.59972,26.0835,5.78023,26.1743,5.51521,26.3393
1.88,5.62971,25.8994,5.62181,25.7723,5.5547,26.1415
1.89,5.65971,25.7143,5.78536,25.9468,5.60987,25.989
1.9,5.68971,25.5283,5.77111,25.1818,5.65693,25.76
1.91,5.71971,25.3412,6.30195,25.3842,5.76471,25.583
1.92,5.74971,25.1532,6.10251,25.2573,5.83584,25.4116
1.93,5.7797,24.9642,5.62465,24.9501,5.83928,25.2228
1.94,5.8097,24.7743,5.42598,24.4236,5.81684,24.991
1.95,5.8397,24.5833,6.0115,24.5713,5.86904,24.8048
1.96,5.8697,24.3914,5.95842,24.3541,5.90855,24.614
1.97,5.8997,24.1985,5.82741,24.1893,5.92694,24.4256
1.98,5.92969,24.0046,5.58029,23.8394,5.91188,24.2163
1.99,5.95969,23.8097,5.99552,23.8145,5.94948,24.0289
2,5.98969,23.6138,5.9765,23.1319,5.98016,23.779
2.01,6.01969,23.417,6.02936,23.4819,6.0136,23.6019
2.02,6.04968,23.2192,5.66798,23.2202,5.99782,23.4139
2.03,6.07968,23.0204,6.1005,23.0042,6.03696,23.2219
2.04,6.10968,22.8206,5.64,22.7805,6.01394,23.0251
2.05,6.13968,22.6198,6.0617,22.7119,6.04525,22.8437
2.06,6.16968,22.4181,6.33625,22.4894,6.10697,22.6566
2.07,6.19967,22.2154,6.74584,22.3445,6.21281,22.4744
2.08,6.22967,22.0117,6.38131,21.8251,6.26162,22.2496
2.09,6.25967,21.807,6.12533,22.1538,6.27276,22.0926
2.1,6.28967,21.6013,6.51213,21.53,6.33033,21.8775
2.11,6.31966,21.3947,6.60523,21.1912,6.39289,21.6459
2.12,6.34966,21.187,6.50901,21.3957,6.43631,21.4673
2.13,6.37966,20.9784,6.45771,21.0014,6.46813,21.2616
2.14,6.40966,20.7688,6.32994,21.0061,6.48,21.0813
2.15,6.43966,20.5583,6.84356,21.031,6.55402,20.9264
2.16,6.46965,20.3467,6.58578,20.4149,6.58753,20.7142
2.17,6.49965,20.1342,6.63392,20.2895,6.62287,20.512
2.18,6.52965,19.9207,6.55717,19.7273,6.64425,20.2641
2.19,6.55965,19.7062,7.03253,20.0582,6.72201,20.0868
2.2,6.58965,19.4907,6.60385,19.2605,6.73755,19.832
2.21,6.61964,19.2742,6.21327,19.2853,6.70198,19.6103
2.22,6.64964,19.0568,6.39937,19.4335,6.69256,19.4337
2.23,6.67964,18.8384,6.02058,19.1107,6.63612,19.2389
2.24,6.70964,18.619,6.74655,18.7161,6.67541,19.0188
2.25,6.73963,18.3986,6.72533,17.9939,6.70736,18.735
2.26,6.76963,18.1772,6.53405,18.238,6.71152,18.5149
2.27,6.79963,17.9549,6.64861,17.5679,6.72889,18.2377
2.28,6.82963,17.7315,6.59055,17.7988,6.73661,18.0218
2.29,6.85963,17.5072,6.60584,17.69,6.74481,17.8186
2.3,6.88962,17.2819,6.74844,17.4215,6.76935,17.6068
2.31,6.91962,17.0557,6.7917,17.3224,6.79616,17.4086
2.32,6.94962,16.8284,6.97149,16.5866,6.84205,17.1429
2.33,6.97962,16.6002,7.16659,16.5303,6.90696,16.9017
2.34,7.00961,16.371,7.13347,16.9457,6.96045,16.7412
2.35,7.03961,16.1408,7.6052,16.1369,7.06667,16.5005
2.36,7.06961,15.9096,6.91416,15.5718,7.07508,16.2182
2.37,7.09961,15.6775,7.57856,15.7778,7.16485,15.9948
2.38,7.12961,15.4443,7.64888,15.0453,7.25348,15.7072
2.39,7.1596,15.2102,6.91135,14.5313,7.24025,15.3892
2.4,7.1896,14.9751,7.03293,15.1336,7.24282,15.1835
2.41,7.2196,14.739,6.7237,14.5058,7.20582,14.9249
2.42,7.2496,14.502,7.272,14.4143,7.24036,14.6858
2.43,7.2796,14.264,7.24681,14.068,7.26754,14.4325
2.44,7.30959,14.0249,7.16538,14.0886,7.2811,14.2123
2.45,7.33959,13.7849,7.6896,13.2536,7.35803,13.915
2.46,7.36959,13.5439,7.01409,13.9718,7.3421,13.7423
2.47,7.39959,13.302,7.52665,13.5982,7.39109,13.5453
2.48,7.42958,13.059,7.20396,13.2824,7.39413,13.3336
2.49,7.45958,12.8151,7.75921,12.1958,7.46548,13.0125
2.5,7.48958,12.5702,7.93458,12.5372,7.55073,12.7716
2.51,7.51958,12.3243,7.60456,12.2517,7.58535,12.5244
2.52,7.54958,12.0775,7.37065,11.9832,7.58652,12.2737
2.53,7.57957,11.8296,7.39117,12.1944,7.58944,12.0797
2.54,7.60957,11.5808,7.69441,11.8201,7.62921,11.8636
2.55,7.63957,11.331,8.21423,11.226,7.72909,11.6002
2.56,7.66957,11.0802,7.68715,10.8208,7.75225,11.3179
2.57,7.69956,10.8284,7.66458,10.7551,7.7695,11.0611
2.58,7.72956,10.5756,8.07715,10.4368,7.83575,10.7957
2.59,7.75956,10.3219,7.21343,10.2278,7.7867,10.5362
2.6,7.78956,10.0672,7.62251,10.0154,7.79304,10.2816
2.61,7.81956,9.8115,8.25621,9.86414,7.87713,10.039
2.62,7.84955,9.55482,7.7448,9.41196,7.88809,9.7698
2.63,7.87955,9.29716,7.7414,9.67869,7.89682,9.56633
2.64,7.90955,9.03852,7.60469,9.315,7.88691,9.34322
2.65,7.93955,8.7789,8.04341,8.78479,7.9321,9.08169
2.66,7.96955,8.5183,8.32111,8.53275,8.00666,8.82043
2.67,7.99954,8.25672,8.3422,8.44165,8.07552,8.5795
2.68,8.02955,7.99416,8.00195,8.25411,8.09417,8.3448
2.69,8.05955,7.73061,7.81029,7.52869,8.08628,8.04859
2.7,8.08955,7.46609,8.20429,6.93568,8.12768,7.71371
2.71,8.11398,7.23023,8.302,7.29915,8.17635,7.46356
2.72,8.12025,7.03002,8.19116,7.03504,8.2055,7.21115
2.73,8.1193,6.83172,7.64237,7.04771,8.16249,6.99127
2.74,8.11836,6.63244,8.62598,6.41579,8.24597,6.72015
2.75,8.11741,6.43218,8.35331,5.94626,8.28619,6.42332
2.76,8.11647,6.23093,8.11178,6.03955,8.29146,6.17369
2.77,8.11553,6.02871,8.36008,6.38909,8.32649,5.99841
2.78,8.11458,5.8255,7.90143,6.23329,8.30003,5.82677
2.79,8.11364,5.62132,8.23748,5.66888,8.31756,5.60739
2.8,8.11269,5.41615,8.52129,5.70181,8.36807,5.41969
2.81,8.11175,5.21,8.35293,4.96685,8.39174,5.16458
2.82,8.1108,5.00288,7.97275,5.13147,8.3649,4.96122
2.83,8.10986,4.79477,7.36527,4.73232,8.26438,4.73397
2.84,8.10892,4.58568,8.42296,4.3582,8.30558,4.48838
2.85,8.10797,4.3756,8.07384,4.17022,8.29844,4.24958
2.86,8.10703,4.16455,8.46658,3.96634,8.34051,4.01488
2.87,8.10608,3.95252,8.06547,4.37075,8.32766,3.85979
2.88,8.10514,3.73951,8.03531,3.88229,8.31183,3.66469
2.89,8.1042,3.52551,8.18973,3.66735,8.31639,3.4678
2.9,8.10325,3.31053,7.52934,3.39073,8.23758,3.26157
2.91,8.10231,3.09458,8.09382,2.63867,8.23683,2.98764
2.92,8.10136,2.87764,7.93584,3.03502,8.21601,2.79626
2.93,8.10042,2.65972,8.28283,2.19479,8.24022,2.52465
2.94,8.09947,2.44082,7.96401,2.34543,8.22176,2.30471
2.95,8.09853,2.22094,7.693,2.24017,8.17098,2.09921
2.96,8.09759,2.00008,8.1845,1.966,8.18637,1.88558
2.97,8.09664,1.77823,8.23882,1.57178,8.20662,1.64966
2.98,8.0957,1.55541,8.60115,1.45444,8.26966,1.4283
2.99,8.09475,1.33161,8.37135,1.38097,8.29719,1.22547
3,8.09381,1.10682,8.04813,1.41399,8.28118,1.05256
3.01,8.08967,0.893153,8.26059,0.567697,8.29295,0.796749
3.02,8.08174,0.692832,7.81439,0.743347,8.24747,0.594063
3.03,8.07382,0.491529,7.66037,-0.363932,8.1871,0.27896
3.04,8.06589,0.551448,7.94603,0.594074,8.16827,0.120721
3.05,8.05797,0.711853,8.0573,1.1482,8.16497,0.0528546
3.06,8.05004,0.871276,7.8014,1.1235,8.12982,-0.00620978
3.07,8.04212,1.02972,7.56895,0.555446,8.06903,-0.125268
3.08,8.03419,1.18718,8.19891,0.825912,8.09287,-0.193595
3.09,8.02627,1.34366,8.36119,1.39099,8.13432,-0.179701
3.1,8.01834,1.49916,8.02842,0.942226,8.12978,-0.218643
3.11,8.01042,1.65368,7.94525,1.22338,8.11511,-0.214021
3.12,8.00249,1.80722,7.788,1.75492,8.08212,-0.139163
3.13,7.99457,1.95977,8.02156,1.84362,8.08148,-0.056671
3.14,7.98664,2.11135,7.82788,2.16863,8.05655,0.062011
3.15,8.0006,2.25582,7.53309,2.6867,7.99724,0.237101
3.16,8.03058,2.39482,8.36799,2.86447,8.04807,0.420164
3.17,8.06056,2.53284,8.00462,2.24354,8.04821,0.51052
3.18,8.09055,2.66988,7.88337,2.55383,8.03307,0.633726
3.19,8.12053,2.80594,8.00213,2.59053,8.03417,0.752125
3.2,8.15051,2.94102,8.22185,3.29222,8.06245,0.949045
3.21,8.1805,3.07512,8.41597,3.44611,8.11192,1.1479
3.22,8.21048,3.20823,8.15694,2.78394,8.12384,1.24648
3.23,8.24047,3.34037,8.56712,3.16983,8.18556,1.3857
3.24,8.27045,3.47152,8.03625,3.5246,8.17453,1.55739
3.25,8.30043,3.6017,8.37819,3.0908,8.20711,1.65965
3.26,8.33042,3.73089,8.53326,3.4457,8.25551,1.79791
3.27,8.3604,3.8591,8.23408,3.95617,8.2614,1.98775
3.28,8.39038,3.98633,8.70512,4.40737,8.32525,2.21634
3.29,8.42037,4.11258,8.34424,4.7102,8.33729,2.46103
3.3,8.45035,4.23785,8.53437,4.24692,8.37157,2.62438
3.31,8.48033,4.36213,8.99269,4.51192,8.45927,2.80548
3.32,8.51032,4.48544,8.76142,4.86128,8.50884,3.0129
3.33,8.5403,4.60776,8.69061,4.11703,8.54417,3.10733
3.34,8.57028,4.72911,8.68418,4.15797,8.57474,3.19823
3.35,8.60027,4.84947,8.00302,5.46661,8.51684,3.44408
3.36,8.63025,4.96885,8.52646,5.524,8.52988,3.67272
3.37,8.66023,5.08725,9.02497,4.33558,8.60349,3.7303
3.38,8.69022,5.20467,8.1969,5.048,8.5659,3.87149
3.39,8.7202,5.32111,8.70675,5.74181,8.59547,4.0853
3.4,8.75019,5.43657,8.96789,5.58366,8.65429,4.25787
3.41,8.78017,5.55104,8.25936,4.7756,8.61832,4.3122
3.42,8.81015,5.66454,9.16529,5.37811,8.69878,4.43638
3.43,8.84014,5.77705,8.35704,6.09907,8.66979,4.63796
3.44,8.87012,5.88859,8.96116,6.16302,8.71883,4.82693
3.45,8.9001,5.99914,8.89879,6.30774,8.75472,5.01454
3.46,8.93009,6.10871,8.846,5.86099,8.78,5.12703
3.47,8.96007,6.2173,9.25669,6.1616,8.85357,5.26528
3.48,8.99005,6.32491,8.69051,6.29762,8.84857,5.40605
3.49,9.02004,6.43154,9.01654,6.55937,8.88439,5.56469
3.5,9.05002,6.53719,8.74495,6.71485,8.88225,5.72604
3.51,9.08,6.64185,9.3949,6.56096,8.96106,5.85114
3.52,9.10999,6.74554,9.70349,7.03637,9.0699,6.02216
3.53,9.13997,6.84824,9.04108,7.19608,9.08447,6.19494
3.54,9.16995,6.94996,9.29058,7.02624,9.12822,6.32808
3.55,9.19994,7.05071,8.82464,7.00632,9.10888,6.4443
3.56,9.22992,7.15047,9.7895,6.90774,9.21146,6.53547
3.57,9.2599,7.24925,9.22463,7.29669,9.23256,6.66495
3.58,9.28989,7.34704,9.093,6.85268,9.23457,6.72485
3.59,9.31987,7.44386,9.3987,6.95677,9.27404,6.79065
3.6,9.34986,7.5397,9.38504,7.73957,9.30727,6.94645
3.61,9.37984,7.63455,9.5034,8.0073,9.35136,7.11869
3.62,9.40982,7.72843,9.55338,8.05689,9.39667,7.27839
3.63,9.43981,7.82132,9.25212,7.57066,9.39921,7.35992
3.64,9.46979,7.91323,9.38208,7.59603,9.4172,7.4351
3.65,9.49977,8.00417,9.72873,7.78015,9.47609,7.52437
3.66,9.52976,8.09412,9.70413,8.23595,9.52534,7.66018
3.67,9.55974,8.18309,9.34237,7.9952,9.52387,7.75079
3.68,9.58972,8.27107,9.33599,8.46578,9.52122,7.88958
3.69,9.61971,8.35808,9.73218,8.33305,9.56776,7.99629
3.7,9.64969,8.44411,9.43801,8.05631,9.5723,8.0562
3.71,9.67967,8.52915,9.57737,7.83004,9.59324,8.08039
3.72,9.70966,8.61322,9.38739,8.30507,9.58781,8.16006
3.73,9.73964,8.6963,9.80726,8.42484,9.63483,8.24519
3.74,9.76962,8.7784,10.3164,8.75297,9.74005,8.36121
3.75,9.79961,8.85952,9.5242,8.22473,9.73509,8.39805
3.76,9.82959,8.93966,10.0496,9.05445,9.79565,8.53329
3.77,9.85958,9.01882,9.88118,9.42181,9.82843,8.69912
3.78,9.88956,9.097,9.54612,9.13972,9.81547,8.81131
3.79,9.91954,9.1742,9.94732,9.06794,9.85335,8.90157
3.8,9.94953,9.25041,9.73555,9.92415,9.86037,9.08793
3.81,9.97951,9.32565,9.54217,9.79637,9.842,9.23769
3.82,10.0095,9.3999,9.74901,9.8961,9.85079,9.38295
3.83,10.0395,9.47318,10.2072,9.1369,9.91535,9.41695
3.84,10.0695,9.54547,10.1032,9.94419,9.95978,9.54657
3.85,10.0994,9.61678,10.0313,9.83992,9.99014,9.64825
3.86,10.1294,9.68711,9.80166,9.36418,9.98818,9.67846
3.87,10.1594,9.75646,9.67872,9.94366,9.97055,9.77624
3.88,10.1894,9.82482,10.0402,9.98468,9.99931,9.86746
3.89,10.2194,9.89221,10.2247,9.86321,10.0476,9.93251
3.9,10.2494,9.95862,10.1843,10.4338,10.0854,10.0604
3.91,10.2793,10.024,10.4141,10.4239,10.1475,10.1723
3.92,10.3093,10.0885,10.2024,9.89451,10.1763,10.2049
3.93,10.3393,10.1519,10.5126,9.74672,10.2402,10.2141
3.94,10.3693,10.2144,10.4025,10.485,10.2833,10.3128
3.95,10.3993,10.2759,10.5531,10.1013,10.3402,10.3518
3.96,10.4293,10.3365,10.0862,10.6074,10.3323,10.4483
3.97,10.4592,10.396,11.0935,10.5218,10.4504,10.5226
3.98,10.4892,10.4545,10.4182,10.3128,10.4715,10.5616
3.99,10.5192,10.5121,10.7164,10.0241,10.527,10.5589
4,10.5492,10.5687,11.2806,10.7106,10.6465,10.6405
4.01,10.5792,10.6243,10.7056,11.1637,10.6814,10.7687
4.02,10.6092,10.679,10.9926,9.42273,10.7478,10.6649
4.03,10.6391,10.7326,10.9571,10.4085,10.8023,10.6931
4.04,10.6691,10.7853,10.8638,10.745,10.8388,10.759
4.05,10.6991,10.837,10.6869,10.6969,10.8487,10.8106
4.06,10.7291,10.8877,10.4472,10.8392,10.827,10.8731
4.07,10.7591,10.9374,10.9357,10.9055,10.8678,10.936
4.08,10.7891,10.9862,10.4842,11.6914,10.8473,11.0891
4.09,10.819,11.0339,11.0307,11.0579,10.8965,11.1458
4.1,10.849,11.0807,10.8383,11.0638,10.9159,11.196
4.11,10.879,11.1265,10.9092,11.0853,10.9416,11.2421
4.12,10.909,11.1714,10.9958,11.4927,10.9747,11.3329
4.13,10.939,11.2152,10.9392,11.2061,10.9967,11.377
4.14,10.969,11.2581,10.7685,11.4154,10.9945,11.4413
4.15,10.9989,11.2999,11.1788,11.2423,11.043,11.4758
4.16,11.0289,11.3408,11.2908,11.6768,11.0999,11.5595
4.17,11.0589,11.3808,11.5377,11.1535,11.1811,11.5679
4.18,11.0889,11.4197,11.2205,11.5122,11.2137,11.6186
4.19,11.1189,11.4577,11.1392,11.2263,11.2321,11.627
4.2,11.1489,11.4946,11.6378,11.4551,11.3101,11.6617
4.21,11.1789,11.5306,11.3441,12.0248,11.3428,11.7625
4.22,11.2088,11.5656,11.0493,11.5279,11.3346,11.7895
4.23,11.2388,11.5997,11.1019,11.1906,11.3331,11.7703
4.24,11.2688,11.6327,11.0604,11.8035,11.3259,11.8281
4.25,11.2988,11.6648,11.1192,12.0274,11.3261,11.9066
4.26,11.3282,11.6953,11.2703,11.9049,11.3445,11.9603
4.27,11.3527,11.7207,11.2131,11.031,11.3532,11.8982
4.28,11.3773,11.7451,12.1359,11.7924,11.4756,11.9361
4.29,11.4019,11.7685,11.7015,11.1907,11.5305,11.8937
4.3,11.4265,11.7909,11.6749,12.0396,11.5758,11.9604
4.31,11.4511,11.8123,11.5739,11.7685,11.6032,11.9851
4.32,11.4757,11.8328,10.9089,11.5637,11.544,11.9806
4.33,11.5003,11.8523,11.1359,11.7427,11.5186,11.9976
4.34,11.5249,11.8708,11.6264,12.4104,11.5564,12.0951
4.35,11.5495,11.8883,11.6203,12.0326,11.5889,12.1342
4.36,11.5741,11.9048,11.9453,12.2507,11.658,12.1953
4.37,11.5987,11.9203,12.3024,11.742,11.7639,12.1855
4.38,11.6233,11.9349,11.4715,12.0547,11.7547,12.2146
4.39,11.6479,11.9485,11.9582,12.0784,11.8064,12.2425
4.4,11.6725,11.9611,11.6385,11.7604,11.8122,12.2267
4.41,11.6971,11.9727,11.6512,11.9061,11.8184,12.2296
4.42,11.7217,11.9834,11.0327,11.6261,11.7461,12.1962
4.43,11.7463,11.993,11.8699,12.3346,11.7851,12.2537
4.44,11.7709,12.0017,12.1023,11.6271,11.8484,12.2159
4.45,11.7955,12.0094,11.9217,11.9778,11.8821,12.2247
4.46,11.8201,12.0161,12.1855,12.4061,11.9447,12.2851
4.47,11.8447,12.0219,11.745,11.5141,11.9452,12.2271
4.48,11.8693,12.0266,11.7799,11.7946,11.9494,12.2091
4.49,11.8938,12.0304,12.0884,11.9254,11.991,12.2083
4.5,11.9184,12.0332,12.5063,12.216,12.0799,12.243
4.51,11.943,12.035,11.9944,11.9225,12.0952,12.2367
4.52,11.9676,12.0359,11.9043,11.6444,12.097,12.1955
4.53,11.9922,12.0357,12.4257,12.4004,12.163,12.2521
4.54,12.0168,12.0346,12.4416,12.2356,12.2236,12.2815
4.55,12.0414,12.0325,11.4731,12.6589,12.1565,12.3599
4.56,12.066,12.0294,11.9779,11.9766,12.1586,12.3443
4.57,12.0906,12.0253,12.4774,11.8417,12.2222,12.3126
4.58,12.1152,12.0203,12.3387,11.7397,12.2613,12.2708
4.59,12.1398,12.0142,11.9121,12.0987,12.2426,12.2773
4.6,12.1644,12.0072,12.1322,12.0575,12.2526,12.2772
4.61,12.189,11.9992,12.4481,12.5932,12.3005,12.3434
4.62,12.2136,11.9903,12.2148,12.0374,12.3137,12.3327
4.63,12.2382,11.9803,12.5473,12.4222,12.3664,12.3705
4.64,12.2628,11.9694,12.5187,11.6977,12.4096,12.3132
4.65,12.2874,11.9574,11.827,11.4915,12.3614,12.2355
4.66,12.312,11.9445,12.7109,12.2073,12.4278,12.2545
4.67,12.3366,11.9307,11.7762,11.7275,12.3702,12.2111
4.68,12.3612,11.9158,12.597,11.7123,12.4204,12.1697
4.69,12.3858,11.9,12.0191,11.518,12.3927,12.1078
4.7,12.4103,11.8831,12.04,11.6425,12.37,12.0673
4.71,12.4349,11.8653,12.5031,12.2851,12.4068,12.1108
4.72,12.4595,11.8465,11.924,11.7432,12.3671,12.0817
4.73,12.4841,11.8268,12.6602,12.1138,12.4228,12.1014
4.74,12.5087,11.806,12.3759,11.643,12.4368,12.06
4.75,12.5333,11.7843,12.6853,11.4004,12.4875,11.9922
4.76,12.5579,11.7616,12.8335,11.6619,12.551,11.9636
4.77,12.5825,11.7379,12.691,11.9483,12.5897,11.9734
4.78,12.6071,11.7132,12.4939,11.5499,12.5992,11.9322
4.79,12.6317,11.6876,12.7321,11.4329,12.637,11.8803
4.8,12.6563,11.6609,13.3736,11.6247,12.7504,11.8574
4.81,12.6809,11.6333,12.9249,11.4633,12.7956,11.8165
4.82,12.7055,11.6047,12.326,11.6858,12.7608,11.8074
4.83,12.7301,11.5752,13.2801,11.4419,12.8481,11.7686
4.84,12.7547,11.5446,12.6259,11.5269,12.8441,11.7443
4.85,12.7793,11.5131,12.8805,11.3129,12.8718,11.6956
4.86,12.8039,11.4805,12.6762,11.6064,12.8706,11.6884
4.87,12.8285,11.447,12.7257,11.6571,12.875,11.6882
4.88,12.8531,11.4126,12.9901,10.9737,12.9115,11.6026
4.89,12.8777,11.3771,12.9769,11.212,12.942,11.5555
4.9,12.9023,11.3407,12.8557,11.207,12.9537,11.5125
4.91,12.9268,11.3032,13.4106,11.6222,13.0328,11.5258
4.92,12.9514,11.2648,13.1161,11.3537,13.0665,11.5042
4.93,12.976,11.2254,13.3993,10.9878,13.1315,11.4392
4.94,13.0006,11.1851,13.3515,11.4839,13.1833,11.4428
4.95,13.0252,11.1437,12.7785,11.5889,13.1576,11.4592
4.96,13.0498,11.1014,13.0087,11.021,13.1627,11.4031
4.97,13.0744,11.0581,12.9084,10.8848,13.1541,11.3357
4.98,13.099,11.0138,13.042,10.8326,13.1625,11.2689
4.99,13.1236,10.9685,13.2322,11.2347,13.1932,11.2592
5,13.1482,10.9223,13.2735,11.0236,13.2254,11.2244
5.01,13.1728,10.875,12.858,10.9389,13.2018,11.1826
5.02,13.1974,10.8268,13.4441,10.648,13.2533,11.109
5.03,13.222,10.7776,13.4365,10.2784,13.298,10.9971
5.04,13.2466,10.7274,13.7085,10.8351,13.3715,10.9663
5.05,13.2712,10.6763,13.0452,10.5044,13.354,10.8977
5.06,13.2958,10.6242,13.4924,10.7492,13.3937,10.867
5.07,13.3204,10.571,13.3151,9.99817,13.4065,10.746
5.08,13.345,10.5169,12.866,10.4271,13.3614,10.6914
5.09,13.3696,10.4618,13.4848,10.2345,13.3976,10.6186
5.1,13.3942,10.4058,13.4414,10.4423,13.4242,10.5797
5.11,13.4188,10.3487,14.0126,10.6428,13.5187,10.5703
5.12,13.4433,10.2907,13.3603,10.5092,13.5216,10.5455
5.13,13.4679,10.2317,12.4061,9.94485,13.4046,10.4534
5.14,13.4925,10.1717,13.0691,10.2862,13.3818,10.4137
5.15,13.5171,10.1107,13.498,10.3329,13.4144,10.3844
5.16,13.5417,10.0488,13.8291,9.56114,13.4845,10.2623
5.17,13.5663,9.98587,13.1369,9.62717,13.4605,10.1615
5.18,13.5909,9.92196,13.5728,9.88107,13.493,10.1033
5.19,13.6155,9.85707,13.4621,9.8869,13.5078,10.0524
5.2,13.6401,9.79119,13.4164,10.0677,13.5149,10.0299
5.21,13.6647,9.72434,13.6956,9.36952,13.5557,9.92315
5.22,13.6893,9.6565,14.2676,9.08361,13.6632,9.79235
5.23,13.7139,9.58769,13.7066,9.19141,13.6891,9.68912
5.24,13.7385,9.51789,13.4482,10.0401,13.6796,9.70312
5.25,13.7631,9.44711,13.6185,9.24744,13.6919,9.61751
5.26,13.7877,9.37535,13.7264,9.62494,13.7158,9.58854
5.27,13.8123,9.30261,13.6572,9.18695,13.7282,9.50864
5.28,13.8369,9.22889,13.6444,9.12452,13.7372,9.42992
5.29,13.8615,9.15419,13.7242,9.39496,13.7547,9.39381
5.3,13.8861,9.0785,13.9318,9.07467,13.7959,9.32225
5.31,13.9107,9.00184,14.1318,8.9991,13.8573,9.24941
5.32,13.9353,8.92419,13.8764,8.69725,13.88,9.14722
5.33,13.9598,8.84557,13.9488,8.9337,13.9089,9.08588
5.34,13.9844,8.76596,14.3824,8.88398,13.9885,9.02552
5.35,14.009,8.68537,13.8894,8.61371,13.9978,8.93852
5.36,14.0336,8.6038,13.6462,8.68152,13.9753,8.86983
5.37,14.0582,8.52125,14.0667,8.95007,14.007,8.84263
5.38,14.0828,8.43772,14.2882,8.35791,14.0626,8.74527
5.39,14.1074,8.35321,14.3466,8.24159,14.1193,8.64433
5.4,14.132,8.26772,14.118,8.111,14.141,8.53844
5.41,14.1566,8.18124,13.8553,8.31669,14.1272,8.4701
5.42,14.1812,8.09378,14.5628,8.13412,14.2026,8.38702
5.43,14.2058,8.00535,13.6151,7.86843,14.1514,8.28037
5.44,14.2304,7.91593,14.1801,8.169,14.1754,8.22325
5.45,14.255,7.82553,14.4071,7.54866,14.2248,8.09567
5.46,14.2796,7.73415,14.3383,7.53931,14.26,7.98115
5.47,14.3042,7.64179,14.4161,7.56141,14.3008,7.88229
5.48,14.3288,7.54845,13.6089,7.56574,14.2361,7.79531
5.49,14.3534,7.45412,14.012,7.15482,14.2278,7.6672
5.5,14.378,7.35882,14.2069,7.10393,14.2442,7.54712
5.51,14.4026,7.26254,14.1749,7.63854,14.2544,7.50735
5.52,14.4272,7.16527,14.4176,6.73041,14.2935,7.35964
5.53,14.4518,7.06702,14.2218,7.58428,14.3035,7.33494
5.54,14.4763,6.96779,14.2094,6.85816,14.3106,7.2235
5.55,14.5009,6.86759,14.124,6.88083,14.3058,7.12765
5.56,14.5255,6.7664,14.4677,6.92626,14.3439,7.04866
5.57,14.5501,6.66422,14.571,6.50833,14.3905,6.927
5.58,14.5747,6.56107,15.3537,6.5633,14.5295,6.82607
5.59,14.5993,6.45694,14.5857,6.80825,14.558,6.76748
5.6,14.6239,6.35182,15.0866,6.5223,14.6454,6.68065
5.61,14.6485,6.24573,14.9347,5.9766,14.7044,6.53606
5.62,14.6731,6.13865,14.2655,5.56244,14.6732,6.35609
5.63,14.6977,6.03059,14.4666,6.14152,14.6698,6.26836
5.64,14.7223,5.92156,14.7451,6.2167,14.7009,6.20057
5.65,14.7469,5.81154,14.7122,5.67727,14.7241,6.07397
5.66,14.7715,5.70054,14.5819,5.31162,14.7282,5.91631
5.67,14.7961,5.58855,15.0206,5.16906,14.786,5.75864
5.68,14.8207,5.47559,14.8045,5.01746,14.8104,5.5999
5.69,14.8453,5.36165,14.73,5.26346,14.8224,5.48984
5.7,14.8699,5.24672,14.923,5.43018,14.8567,5.41362
5.71,14.8945,5.13082,14.7664,4.95072,14.8674,5.28712
5.72,14.9191,5.01393,14.7244,4.78946,14.8712,5.15525
5.73,14.9437,4.89606,14.9239,5.11965,14.899,5.07989
5.74,14.9683,4.77721,14.7818,5.11443,14.9056,5.01341
5.75,14.9928,4.65738,15.0507,4.38674,14.9446,4.86473
5.76,15.0174,4.53657,14.873,4.81998,14.9569,4.78717
5.77,15.042,4.41478,14.9292,4.39288,14.9744,4.6661
5.78,15.0666,4.29201,14.9503,3.79672,14.9922,4.4849
5.79,15.0912,4.16825,14.8149,4.22136,14.9908,4.37715
5.8,15.1158,4.04352,15.2433,4.3883,15.0424,4.30319
5.81,15.1404,3.9178,15.3078,4.30772,15.0963,4.22867
5.82,15.165,3.7911,15.1073,3.90919,15.1191,4.11397
5.83,15.1896,3.66342,15.0447,3.2238,15.1312,3.92741
5.84,15.2142,3.53476,15.6453,2.88166,15.2165,3.71924
5.85,15.2388,3.40512,15.1292,3.60105,15.228,3.62421
5.86,15.2634,3.2745,15.1228,3.23351,15.237,3.4951
5.87,15.288,3.1429,15.2655,2.52558,15.2624,3.29294
5.88,15.3126,3.01031,14.8611,2.83677,15.2341,3.15246
5.89,15.3372,2.87675,14.9201,2.42772,15.2156,2.97747
5.9,15.3618,2.7422,15.4371,2.36853,15.2629,2.81522
5.91,15.3864,2.60668,15.6403,2.29865,15.3303,2.6631
5.92,15.411,2.47017,15.5177,2.63648,15.3749,2.57099
5.93,15.4356,2.33268,15.9814,2.14706,15.4722,2.4295
5.94,15.4602,2.19421,15.192,1.82229,15.4605,2.26426
5.95,15.4848,2.05476,15.2061,2.11888,15.4512,2.15527
5.96,15.5093,1.91433,15.3782,1.69928,15.4637,2.00741
5.97,15.5287,1.77452,15.283,1.57043,15.4626,1.86096
5.98,15.5461,1.63435,15.2146,1.6765,15.4525,1.74511
5.99,15.5635,1.4932,15.6989,1.54886,15.5033,1.62758
6,15.5809,1.35108,15.8295,1.34605,15.5647,1.49916
6.01,15.5983,1.20796,15.2273,0.927599,15.5441,1.33408
6.02,15.6157,1.06387,15.3056,0.874789,15.5349,1.18173
6.03,15.6331,0.9188,15.4088,1.12093,15.539,1.07815
6.04,15.6504,0.772747,15.3993,0.763419,15.541,0.943024
6.05,15.6678,0.625712,15.7828,0.634751,15.5901,0.80814
6.06,15.6852,0.477696,16.2066,0.611284,15.6866,0.686619
6.07,15.7026,0.521608,15.5972,0.93642,15.6966,0.620601
6.08,15.72,0.639383,15.328,0.732784,15.6715,0.538394
6.09,15.7374,0.756176,15.4791,0.538533,15.6673,0.442812
6.1,15.7548,0.871989,15.5579,1.45093,15.6729,0.473313
6.11,15.7721,0.986821,16.1508,0.791261,15.7514,0.420737
6.12,15.7895,1.10067,15.2839,1.19711,15.7132,0.426523
6.13,15.8069,1.21354,15.2174,1.1748,15.6701,0.431205
6.14,15.8243,1.32543,16.242,0.828875,15.7588,0.394455
6.15,15.8417,1.43634,15.5574,1.67362,15.7525,0.46906
6.16,15.8591,1.54626,15.9222,1.83384,15.792,0.558106
6.17,15.8765,1.65521,15.1158,1.74524,15.7263,0.628961
6.18,15.8938,1.76318,16.0395,1.83286,15.7821,0.70539
6.19,15.9112,1.87016,15.778,2.09916,15.7992,0.809028
6.2,15.9286,1.97616,15.3327,1.86551,15.7584,0.874599
6.21,15.946,2.08118,16.0701,1.73332,15.8135,0.918583
6.22,15.9634,2.18522,16.0303,2.11989,15.8575,1.00786
6.23,15.9808,2.28828,15.605,2.69059,15.8435,1.16068
6.24,15.9982,2.39036,15.8889,2.54606,15.866,1.28116
6.25,16.0155,2.49146,16.4046,2.71967,15.95,1.41222
6.26,16.0329,2.59157,16.8143,2.88811,16.0761,1.55202
6.27,16.0503,2.69071,15.6809,2.37042,16.0474,1.61394
6.28,16.0677,2.78886,16.417,2.49694,16.1129,1.68628
6.29,16.0851,2.88604,16.1301,3.39057,16.1354,1.86363
6.3,16.1025,2.98223,16.624,3.7918,16.2167,2.07369
6.31,16.1199,3.07744,15.9118,3.13041,16.2003,2.18035
6.32,16.1373,3.17167,16.222,2.43198,16.2237,2.18951
6.33,16.1547,3.26492,16.3419,3.29494,16.2592,2.30598
6.34,16.1721,3.35719,16.694,3.91207,16.3344,2.488
6.35,16.1895,3.44847,16.3656,3.54645,16.3604,2.60613
6.36,16.2069,3.53878,16.4624,3.78801,16.3952,2.74259
6.37,16.2243,3.6281,16.7534,3.56298,16.4622,2.8372
6.38,16.2417,3.71645,16.2511,3.57191,16.4591,2.92338
6.39,16.2591,3.80381,16.0648,3.62686,16.4325,3.00769
6.4,16.2765,3.89019,16.0261,3.87386,16.4032,3.11423
6.41,16.2939,3.97559,15.687,4.05184,16.3341,3.23205
6.42,16.3113,4.06001,16.614,3.9582,16.3873,3.32604
6.43,16.3287,4.14345,16.3643,3.99344,16.4033,3.41467
6.44,16.3461,4.22591,16.7194,3.87139,16.4616,3.47882
6.45,16.3634,4.30738,15.901,4.06639,16.4113,3.56052
6.46,16.3808,4.38788,16.3741,4.46484,16.4247,3.68332
6.47,16.3982,4.46739,16.277,4.06335,16.4241,3.74314
6.48,16.4156,4.54593,15.9486,4.62505,16.3822,3.86658
6.49,16.433,4.62348,16.5895,4.9978,16.4241,4.0235
6.5,16.4504,4.70005,16.1578,4.69228,16.4075,4.12575
6.51,16.4678,4.77564,16.2276,5.26548,16.4008,4.28854
6.52,16.4852,4.85025,16.5373,4.56527,16.4331,4.34667
6.53,16.5026,4.92388,16.4482,4.91738,16.4506,4.44218
6.54,16.52,4.99652,16.6822,5.32439,16.4951,4.57804
6.55,16.5374,5.06819,17.1779,5.08959,16.5965,4.66997
6.56,16.5548,5.13888,16.852,5.5338,16.6463,4.80718
6.57,16.5722,5.20858,16.3653,5.35963,16.6299,4.90779
6.58,16.5896,5.2773,16.3344,5.01976,16.6108,4.95484
6.59,16.607,5.34505,16.5015,5.50195,16.6141,5.0564
6.6,16.6244,5.41181,16.7928,5.39709,16.653,5.13359
6.61,16.6418,5.47759,16.5794,5.79741,16.6608,5.25192
6.62,16.6592,5.54239,16.9657,5.47453,16.7156,5.31689
6.63,16.6849,5.58408,16.9285,5.81038,16.7597,5.41616
6.64,16.708,5.63178,17.0962,5.68959,16.8198,5.4892
6.65,16.7312,5.67849,16.8262,5.65472,16.8395,5.5494
6.66,16.7543,5.72422,16.6219,6.08801,16.8312,5.65648
6.67,16.7774,5.76897,16.2641,5.99674,16.7787,5.74016
6.68,16.8005,5.81274,16.6884,5.7866,16.7841,5.78797
6.69,16.8236,5.85553,16.8675,6.1351,16.8108,5.8733
6.7,16.8467,5.89734,16.9706,6.08764,16.8473,5.94287
6.71,16.8699,5.93816,16.7646,5.90632,16.8538,5.98159
6.72,16.893,5.97801,16.4952,6.20847,16.8257,6.05295
6.73,16.9161,6.01687,16.9838,6.16301,16.861,6.11021
6.74,16.9392,6.05475,16.8008,5.85756,16.8695,6.12238
6.75,16.9623,6.09166,17.458,6.23671,16.9587,6.17952
6.76,16.9854,6.12758,17.2077,6.32025,17.007,6.24012
6.77,17.0086,6.16252,16.3767,6.26491,16.9463,6.28651
6.78,17.0317,6.19648,17.2716,6.27118,17.0031,6.32783
6.79,17.0548,6.22945,17.2033,6.45451,17.0451,6.38669
6.8,17.0779,6.26145,16.7598,6.11873,17.0269,6.39652
6.81,17.101,6.29247,16.5116,6.01493,16.9793,6.3913
6.82,17.1241,6.3225,16.7235,5.87825,16.9626,6.3685
6.83,17.1473,6.35156,16.9967,5.84129,16.9813,6.3424
6.84,17.1704,6.37963,17.1959,6.18769,17.0226,6.36123
6.85,17.1935,6.40672,17.493,6.84563,17.0963,6.45927
6.86,17.2166,6.43283,17.0209,6.19407,17.1032,6.46497
6.87,17.2397,6.45796,17.3049,6.21965,17.1444,6.47231
6.88,17.2629,6.48211,17.2079,6.34524,17.1688,6.49362
6.89,17.286,6.50528,17.0271,6.29285,17.1678,6.50526
6.9,17.3091,6.52747,17.0644,6.56986,17.1711,6.54936
6.91,17.3322,6.54867,17.3626,6.66568,17.2109,6.59998
6.92,17.3553,6.5689,17.2536,6.82618,17.2325,6.66452
6.93,17.3784,6.58814,17.4409,6.20387,17.275,6.64384
6.94,17.4016,6.6064,17.6418,6.20906,17.3377,6.62503
6.95,17.4247,6.62369,17.3794,6.39902,17.3607,6.63097
6.96,17.4478,6.63999,17.5175,6.6881,17.3982,6.67152
6.97,17.4709,6.65531,17.4127,6.47281,17.4184,6.68019
6.98,17.494,6.66965,17.1821,6.7168,17.4072,6.71758
6.99,17.5171,6.68301,17.3363,6.5549,17.4159,6.7301
7,17.5403,6.69538,17.6702,6.61008,17.465,6.7474
7.01,17.5634,6.70678,17.3199,7.00296,17.4649,6.81114
7.02,17.5865,6.71719,17.526,6.77442,17.49,6.839
7.03,17.6096,6.72663,17.4108,7.53132,17.4978,6.95764
7.04,17.6327,6.73508,17.7507,6.94403,17.5467,6.98997
7.05,17.6547,6.74205,18.0216,7.21697,17.624,7.05219
7.06,17.6755,6.74752,17.9273,6.57428,17.6811,7.02696
7.07,17.6963,6.75202,17.999,6.83023,17.7408,7.0354
7.08,17.7171,6.75553,17.8418,7.3248,17.7742,7.10386
7.09,17.7379,6.75806,17.254,6.45812,17.7303,7.05632
7.1,17.7586,6.75961,17.868,6.96543,17.767,7.07616
7.11,17.7794,6.76017,17.7657,6.86868,17.7867,7.0811
7.12,17.8002,6.75976,17.2452,6.74347,17.7389,7.06913
7.13,17.821,6.75837,17.4993,6.65717,17.7273,7.04688
7.14,17.8418,6.75599,18.5153,6.07796,17.8432,6.9539
7.15,17.8626,6.75264,17.9494,7.07766,17.8761,6.99455
7.16,17.8834,6.7483,18.1565,7.32585,17.9309,7.06136
7.17,17.9042,6.74298,18.5959,7.15974,18.0345,7.09993
7.18,17.925,6.73668,18.1259,7.0785,18.0682,7.12373
7.19,17.9458,6.7294,17.7186,6.17707,18.0471,7.03193
7.2,17.9665,6.72114,18.3239,6.69246,18.1031,7.01324
7.21,17.9873,6.7119,18.1715,6.9096,18.1338,7.02297
7.22,18.0001,6.70095,18.1469,6.45129,18.1577,6.97395
7.23,18.0195,6.68961,18.3864,6.07054,18.2085,6.8819
7.24,18.0388,6.67729,18.4104,6.28996,18.2565,6.82619
7.25,18.0582,6.664,18.0567,6.68686,18.2548,6.82528
7.26,18.0775,6.64972,18.0411,7.03924,18.2508,6.86803
7.27,18.0969,6.63446,18.0129,6.90097,18.2432,6.88873
7.28,18.1163,6.61822,17.7504,6.38596,18.203,6.84261
7.29,18.1356,6.601,17.8231,6.25528,18.1755,6.78452
7.3,18.155,6.5828,18.2841,6.72025,18.2078,6.79005
7.31,18.1743,6.56362,18.2643,6.5052,18.2339,6.76783
7.32,18.1937,6.54345,17.8023,6.36734,18.1991,6.73037
7.33,18.2131,6.52231,18.7777,6.54071,18.2892,6.71808
7.34,18.2324,6.50018,19.0041,6.90933,18.3978,6.75277
7.35,18.2518,6.47707,18.2799,6.7741,18.4044,6.76675
7.36,18.2711,6.45299,18.7111,6.21187,18.4636,6.70884
7.37,18.2905,6.42792,17.9317,6.36622,18.4189,6.67588
7.38,18.3099,6.40187,18.5427,6.77947,18.4545,6.69763
7.39,18.3292,6.37484,18.2742,6.4879,18.4524,6.68053
7.4,18.3486,6.34682,18.3264,6.14458,18.4566,6.62213
7.41,18.3679,6.31783,18.2912,6.25972,18.4554,6.58389
7.42,18.3873,6.28786,18.9774,6.21452,18.5395,6.54378
7.43,18.4067,6.2569,17.8733,6.06856,18.4767,6.48943
7.44,18.426,6.22497,18.1323,6.34272,18.4522,6.47476
7.45,18.4454,6.19205,18.4125,6.38118,18.4647,6.4663
7.46,18.4647,6.15815,17.7976,5.79555,18.3987,6.38556
7.47,18.4841,6.12327,18.3206,5.79384,18.4044,6.31284
7.48,18.5034,6.08741,18.4635,6.37122,18.4269,6.31963
7.49,18.5228,6.05057,18.1905,6.03128,18.4127,6.28331
7.5,18.5422,6.01275,18.2895,6.15837,18.4119,6.2666
7.51,18.5615,5.97395,18.718,5.33372,18.4642,6.14872
7.52,18.5809,5.93416,18.1853,6.00712,18.4444,6.12705
7.53,18.6002,5.8934,18.8272,5.92836,18.5064,6.09788
7.54,18.6196,5.85165,18.9366,5.53964,18.5752,6.02331
7.55,18.639,5.80893,18.3022,5.8907,18.5574,6.00035
7.56,18.6583,5.76522,18.0391,5.41431,18.5083,5.92047
7.57,18.6777,5.72053,18.5847,5.6791,18.5318,5.88201
7.58,18.697,5.67486,18.6635,5.45918,18.5625,5.82028
7.59,18.7164,5.62821,18.9602,5.41131,18.6266,5.75916
7.6,18.7358,5.58058,18.8095,5.16797,18.665,5.67421
7.61,18.7551,5.53196,19.3825,5.71084,18.7705,5.66602
7.62,18.7745,5.48237,18.2803,5.7725,18.7273,5.66669
7.63,18.7938,5.4318,18.4603,5.53875,18.7105,5.63844
7.64,18.8132,5.38024,18.7958,5.37625,18.7369,5.59313
7.65,18.8326,5.3277,19.2071,5.23589,18.8115,5.53528
7.66,18.8519,5.27419,18.9815,5.59102,18.8499,5.52803
7.67,18.8713,5.21969,18.4045,5.1787,18.8119,5.47042
7.68,18.8906,5.16421,18.8803,5.22618,18.8367,5.42503
7.69,18.91,5.10775,19.3203,5.02556,18.9135,5.35964
7.7,18.9294,5.0503,19.0922,5.67979,18.9535,5.38301
7.71,18.9487,4.99188,18.9179,4.92245,18.9672,5.30988
7.72,18.9681,4.93248,18.5851,5.18473,18.9375,5.2774
7.73,18.9874,4.87209,18.8665,5.02258,18.9455,5.22845
7.74,19.0068,4.81073,19.3019,4.50341,19.0066,5.12017
7.75,19.0262,4.74838,19.3514,4.81645,19.0672,5.06256
7.76,19.0455,4.68505,19.1331,4.67619,19.0939,4.99385
7.77,19.0649,4.62074,18.5926,4.74104,19.0499,4.94083
7.78,19.0842,4.55545,18.9793,4.44281,19.0582,4.85658
7.79,19.1036,4.48918,19.0668,4.83377,19.0762,4.83035
7.8,19.123,4.42193,19.551,4.34806,19.1523,4.74678
7.81,19.1423,4.3537,19.325,4.2492,19.192,4.66007
7.82,19.1617,4.28448,19.2887,4.03919,19.2226,4.55669
7.83,19.181,4.21429,18.8405,4.48406,19.1936,4.52011
7.84,19.2004,4.14311,18.9777,4.03217,19.1843,4.43159
7.85,19.2198,4.07096,19.1534,4.30145,19.1974,4.38647
7.86,19.2391,3.99782,19.5259,4.14496,19.2553,4.32719
7.87,19.2585,3.9237,18.8555,4.30945,19.2231,4.29527
7.88,19.2778,3.8486,19.1286,3.86764,19.2278,4.21224
7.89,19.2972,3.77252,19.7398,4.09304,19.308,4.16663
7.9,19.3166,3.69546,19.7729,3.75748,19.3836,4.0846
7.91,19.3359,3.61742,19.4386,4.16079,19.4092,4.06212
7.92,19.3553,3.53839,18.9228,3.91479,19.3674,4.01205
7.93,19.3746,3.45839,19.5135,3.89722,19.4032,3.96574
7.94,19.394,3.3774,19.5258,3.47648,19.4363,3.87249
7.95,19.4133,3.29543,19.1855,3.56144,19.4231,3.80024
7.96,19.4327,3.21249,19.3063,3.12112,19.4259,3.68131
7.97,19.4521,3.12856,19.4673,3.25183,19.4481,3.59179
7.98,19.4714,3.04365,19.5261,2.83331,19.4749,3.46016
7.99,19.4908,2.95776,19.4665,3.00263,19.4911,3.36413
8,19.5101,2.87088,19.2185,2.64267,19.4742,3.23403
8.01,19.5295,2.78303,19.27,3.27026,19.4651,3.19664
8.02,19.5489,2.6942,19.8459,2.17822,19.5284,3.02787
8.03,19.5682,2.60438,19.5826,2.75308,19.5519,2.94925
8.04,19.5876,2.51359,19.5117,2.3951,19.5637,2.83515
8.05,19.6069,2.42181,19.9043,2.4201,19.6229,2.73704
8.06,19.6263,2.32905,19.3424,2.2767,19.6054,2.63229
8.07,19.6457,2.23531,19.5757,2.20889,19.6185,2.53105
8.08,19.665,2.14059,20.0165,2.63862,19.6847,2.49505
8.09,19.6844,2.04489,19.6968,2.59335,19.7039,2.45835
8.1,19.7037,1.94821,19.8887,2.2319,19.7445,2.38154
8.11,19.7231,1.85054,19.8212,2.15123,19.7722,2.30379
8.12,19.7425,1.7519,20.0445,1.18522,19.8244,2.11471
8.13,19.7618,1.65227,19.4667,1.491,19.7986,1.98449
8.14,19.7812,1.55167,18.964,1.7585,19.7123,1.90236
8.15,19.8005,1.45008,19.7616,1.33788,19.734,1.77754
8.16,19.8199,1.34751,19.6938,1.17315,19.7446,1.64638
8.17,19.8393,1.24396,19.8197,1.52028,19.7694,1.57342
8.18,19.8508,1.17883,20.0024,1.34795,19.8141,1.48789
8.19,19.8638,1.10569,19.8952,0.97178,19.8405,1.36566
8.2,19.8768,1.03157,19.597,1.40105,19.8264,1.31102
8.21,19.8898,0.956463,20.1332,0.792717,19.8804,1.18757
8.22,19.9027,0.880378,19.603,1.18868,19.8622,1.12771
8.23,19.9157,0.803312,19.5476,0.863793,19.8386,1.03496
8.24,19.9287,0.725264,20.0267,0.539336,19.8768,0.912761
8.25,19.9416,0.646236,19.9987,0.823842,19.9072,0.840153
8.26,19.9546,0.566226,20.2636,0.527348,19.9672,0.739555
8.27,19.9676,0.485236,20.3155,0.48623,20.027,0.645717
8.28,19.9876,0.454247,19.8025,0.49815,20.0163,0.56458
8.29,20.0117,0.505829,20.3253,0.129763,20.0715,0.44739
8.3,20.0357,0.55643,20.216,0.366682,20.107,0.373398
8.31,20.0598,0.606049,20.1682,0.615629,20.1324,0.339685
8.32,20.0838,0.654688,19.4708,0.362331,20.0677,0.27943
8.33,20.1079,0.702346,19.765,0.588234,20.046,0.255143
8.34,20.1319,0.749022,20.3966,0.878445,20.1049,0.271141
8.35,20.156,0.794718,19.8241,1.14111,20.0859,0.319814
8.36,20.18,0.839433,20.2144,0.680465,20.1172,0.30749
8.37,20.2041,0.883166,19.876,0.402681,20.1026,0.263204
8.38,20.2281,0.925919,19.7138,0.461264,20.0689,0.232189
8.39,20.2522,0.967691,20.3325,0.828366,20.1155,0.251569
8.4,20.2762,1.00848,20.0759,0.626518,20.125,0.245141
8.41,20.3003,1.04829,20.337,0.962992,20.1657,0.282693
8.42,20.3243,1.08712,20.0643,1.43785,20.1678,0.376938
8.43,20.3484,1.12497,20.2705,0.947541,20.1951,0.401544
8.44,20.3724,1.16183,20.0839,1.50298,20.1959,0.494096
8.45,20.3965,1.19772,21.0013,0.921894,20.3108,0.505731
8.46,20.4205,1.23263,20.6227,1.54017,20.3662,0.594366
8.47,20.4446,1.26655,20.5113,1.4448,20.4016,0.662989
8.48,20.4686,1.29949,20.9522,1.76435,20.488,0.765363
8.49,20.4927,1.33145,20.3877,0.951304,20.4945,0.756617
8.5,20.5167,1.36243,20.3464,1.74174,20.4948,0.848208
8.51,20.5408,1.39243,20.565,1.56316,20.5219,0.90887
8.52,20.5648,1.42145,20.3607,1.45899,20.5202,0.951004
8.53,20.5889,1.44949,20.8181,1.56049,20.5753,1.00213
8.54,20.6129,1.47655,20.9158,1.32524,20.6365,1.01926
8.55,20.637,1.50262,20.1747,1.14608,20.5984,1.01285
8.56,20.661,1.52772,20.8002,2.01652,20.6418,1.11628
8.57,20.6851,1.55183,20.2655,1.78886,20.6136,1.1812
8.58,20.7091,1.57496,20.9129,1.8185,20.6686,1.24361
8.59,20.7332,1.59712,20.7691,1.15432,20.6995,1.21714
8.6,20.7573,1.61829,21.0625,1.64375,20.7635,1.25485
8.61,20.7813,1.63848,20.8429,1.25316,20.7929,1.24033
8.62,20.8054,1.65769,21.2031,2.11954,20.8638,1.33578
8.63,20.8294,1.67591,20.9881,1.59483,20.9001,1.35628
8.64,20.8535,1.69316,21.0557,1.96689,20.9406,1.4214
8.65,20.8775,1.70943,21.058,1.99336,20.9766,1.4834
8.66,20.9016,1.72471,21.6177,1.42451,21.0783,1.46826
8.67,20.9256,1.73901,21.0657,1.40267,21.1001,1.45215
8.68,20.9497,1.75234,21.2886,1.91613,21.1468,1.50197
8.69,20.9737,1.76468,21.3442,1.91848,21.1951,1.54716
8.7,20.9978,1.77604,21.2914,1.60971,21.2313,1.54933
8.71,21.0218,1.78642,21.2098,1.54408,21.2529,1.54324
8.72,21.0459,1.79582,21.2166,1.99347,21.2726,1.59398
8.73,21.0699,1.80424,20.9348,1.97748,21.2545,1.63764
8.74,21.094,1.81167,21.2217,1.73523,21.2734,1.64669
8.75,21.118,1.81813,20.9191,1.73202,21.2521,1.65448
8.76,21.1421,1.8236,20.9083,1.5733,21.231,1.64173
8.77,21.1661,1.8281,21.2459,2.02783,21.2537,1.68708
8.78,21.1902,1.83161,21.807,1.84102,21.3435,1.70453
8.79,21.2142,1.83414,20.8237,2.16079,21.3009,1.76012
8.8,21.2383,1.83569,21.7417,1.62457,21.3766,1.74312
8.81,21.2623,1.83626,20.8599,2.30674,21.334,1.81299
8.82,21.2864,1.83585,20.9938,1.6968,21.312,1.79957
8.83,21.3104,1.83446,21.5694,1.92549,21.3635,1.81604
8.84,21.3345,1.83209,20.9163,1.96943,21.3278,1.83628
8.85,21.3585,1.82873,21.1671,1.72662,21.3265,1.82411
8.86,21.3826,1.8244,21.5168,1.56613,21.3685,1.79313
8.87,21.4066,1.81908,21.1315,1.20919,21.3577,1.72076
8.88,21.4307,1.81278,21.8316,1.69815,21.4349,1.71685
8.89,21.4548,1.8055,21.7456,1.90907,21.4929,1.73968
8.9,21.4788,1.79725,21.4894,1.30702,21.5125,1.68507
8.91,21.5029,1.78801,21.6662,1.45484,21.5517,1.65454
8.92,21.5269,1.77778,20.9172,1.78564,21.4929,1.66847
8.93,21.551,1.76658,21.3894,1.74184,21.4985,1.67557
8.94,21.575,1.7544,21.565,2.28439,21.525,1.74969
8.95,21.5991,1.74123,21.7676,1.77658,21.5736,1.75286
8.96,21.6231,1.72709,21.6868,1.80953,21.6067,1.75982
8.97,21.6472,1.71196,21.5754,1.94253,21.622,1.78267
8.98,21.6712,1.69586,21.8912,1.48999,21.6746,1.74669
8.99,21.6953,1.67877,21.6227,1.26614,21.6879,1.68646
9,21.7193,1.6607,22.0297,1.97583,21.75,1.721
9.01,21.7434,1.64165,21.5663,1.37209,21.7475,1.67669
9.02,21.7674,1.62162,22.0251,2.23001,21.802,1.74402
9.03,21.7915,1.6006,21.8561,1.63801,21.8293,1.73058
9.04,21.8155,1.57861,22.1611,2.08032,21.8913,1.77373
9.05,21.8396,1.55564,22.0736,1.46227,21.9355,1.73532
9.06,21.8636,1.53168,22.2311,1.3237,21.9942,1.68356
9.07,21.8877,1.50675,21.2398,1.72062,21.9227,1.68667
9.08,21.9117,1.48083,21.5772,1.36375,21.9001,1.64497
9.09,21.9358,1.45393,22.1595,1.88202,21.9519,1.67226
9.1,21.9598,1.42605,21.7946,1.86913,21.9524,1.6952
9.11,21.9839,1.39719,21.7339,1.73048,21.9448,1.69851
9.12,22.0079,1.36735,21.2136,1.89029,21.8725,1.72145
9.13,22.032,1.33653,22.4227,1.11756,21.9581,1.64563
9.14,22.056,1.30473,21.9738,1.31528,21.9784,1.6023
9.15,22.0801,1.27194,22.0145,0.972552,22.0013,1.52071
9.16,22.1041,1.23818,22.1745,1.0598,22.0413,1.45848
9.17,22.1282,1.20343,22.1409,1.69477,22.0725,1.48201
9.18,22.1522,1.1677,22.1288,1.33067,22.0986,1.45783
9.19,22.1763,1.13099,21.5874,1.17853,22.0539,1.41729
9.2,22.2004,1.09331,22.1609,0.906224,22.0849,1.34708
9.21,22.2244,1.05464,21.748,1.22737,22.0608,1.32433
9.22,22.2485,1.01498,22.0296,0.933029,22.0738,1.26739
9.23,22.2725,0.974352,22.3967,1.11982,22.1309,1.23982
9.24,22.2966,0.932739,22.6215,0.794015,22.2098,1.17466
9.25,22.3206,0.890144,22.2075,1.17614,22.2284,1.16413
9.26,22.3447,0.846569,22.7536,0.641433,22.3128,1.08822
9.27,22.3687,0.802013,21.8976,0.379014,22.2812,0.987649
9.28,22.3928,0.756476,22.6503,0.863434,22.3462,0.958179
9.29,22.4168,0.709958,22.2285,0.274637,22.3515,0.858615
9.3,22.4409,0.662459,22.0593,0.581484,22.3346,0.807946
9.31,22.4649,0.613979,21.9429,0.884784,22.3045,0.800742
9.32,22.489,0.564518,22.2954,0.972704,22.3209,0.805671
9.33,22.513,0.514076,22.6971,0.478233,22.3854,0.748801
9.34,22.5371,0.462653,22.1294,0.352009,22.3719,0.682432
9.35,22.5614,0.458888,22.4964,0.231815,22.4052,0.608317
9.36,22.5858,0.498871,22.7223,0.319995,22.4628,0.55328
9.37,22.6103,0.537873,22.8681,0.5265,22.5322,0.530153
9.38,22.6347,0.575894,22.1579,0.6291,22.5053,0.522704
9.39,22.6592,0.612934,22.6302,0.795946,22.5397,0.537337
9.4,22.6836,0.648993,22.3896,1.32916,22.5401,0.617489
9.41,22.7081,0.684071,22.3762,0.708057,22.5382,0.612352
9.42,22.7325,0.718168,23.5666,1.2981,22.6846,0.681785
9.43,22.757,0.751284,22.8704,0.931615,22.7287,0.698742
9.44,22.7814,0.783419,22.858,0.360428,22.7661,0.643032
9.45,22.8059,0.814573,22.4599,1.22228,22.7495,0.700941
9.46,22.8303,0.844746,23.2053,0.42579,22.827,0.653858
9.47,22.8548,0.873938,22.8698,0.793063,22.8542,0.65777
9.48,22.8792,0.902149,22.7025,0.781158,22.8572,0.66013
9.49,22.9037,0.92938,23.1598,0.787804,22.9164,0.663402
9.5,22.9281,0.955629,22.779,1.65791,22.9214,0.775234
9.51,22.9526,0.980897,22.846,0.877556,22.9337,0.778483
9.52,22.977,1.00518,22.6812,0.936989,22.9237,0.789052
9.53,23.0015,1.02849,23.1609,1.02249,22.974,0.809434
9.54,23.0259,1.05081,22.4948,0.951714,22.9355,0.819104
9.55,23.0504,1.07216,23.0184,0.9094,22.9657,0.822701
9.56,23.0748,1.09252,23.0353,1.24882,22.9945,0.868475
9.57,23.0993,1.1119,23.6069,1.3189,23.0911,0.918468
9.58,23.1238,1.13031,22.5609,0.888315,23.0468,0.909739
9.59,23.1482,1.14773,22.593,1.01787,23.0104,0.9182
9.6,23.1727,1.16416,23.1938,1.45155,23.0523,0.980034
9.61,23.1971,1.17962,22.9961,0.791829,23.0647,0.953297
9.62,23.2216,1.1941,23.0295,0.947201,23.0796,0.948781
9.63,23.246,1.2076,24.0295,1.175,23.2172,0.973251
9.64,23.2705,1.22011,22.9304,0.982057,23.203,0.971219
9.65,23.2949,1.23164,22.9,1.5225,23.1859,1.03692
9.66,23.3194,1.2422,23.5597,1.70575,23.2524,1.1188
9.67,23.3438,1.25177,23.1698,1.6343,23.2629,1.18337
9.68,23.3683,1.26036,23.4457,2.11653,23.3063,1.30147
9.69,23.3927,1.26797,23.9026,0.937395,23.4016,1.26024
9.7,23.4172,1.2746,23.8289,1.44768,23.4775,1.28682
9.71,23.4416,1.28025,23.2489,1.74514,23.4726,1.3477
9.72,23.4661,1.28492,23.8385,1.05238,23.5412,1.31578
9.73,23.4905,1.2886,23.6018,1.33065,23.5726,1.32174
9.74,23.515,1.29131,23.5137,0.780486,23.5892,1.25834
9.75,23.5394,1.29303,23.3835,0.848857,23.5872,1.20988
9.76,23.5639,1.29377,23.439,1.35731,23.5918,1.2298
9.77,23.5883,1.29354,23.8824,1.30957,23.6506,1.24167
9.78,23.6128,1.29232,23.2798,1.53298,23.6277,1.28015
9.79,23.6372,1.29012,23.5754,1.25741,23.6434,1.28023
9.8,23.6617,1.28694,23.9256,1.98727,23.7006,1.37131
9.81,23.6862,1.28277,24.0393,1.22554,23.7656,1.35789
9.82,23.7106,1.27763,23.2339,1.77274,23.7228,1.41401
9.83,23.7351,1.27151,24.021,1.06024,23.7821,1.37534
9.84,23.7595,1.2644,23.9989,1.41771,23.8319,1.38512
9.85,23.784,1.25632,23.7227,1.66758,23.8416,1.42496
9.86,23.8084,1.24725,23.982,0.789162,23.8821,1.35097
9.87,23.8329,1.2372,23.9286,0.674452,23.9111,1.27014
9.88,23.8573,1.22617,24.0026,1.27947,23.9459,1.27305
9.89,23.8818,1.21416,24.2073,1.49651,24.002,1.30269
9.9,23.9062,1.20117,24.0366,1.26374,24.0304,1.30019
9.91,23.9307,1.1872,23.6119,1.39522,24.0023,1.3143
9.92,23.9551,1.17225,23.4791,0.903341,23.96,1.26552
9.93,23.9796,1.15631,23.7745,1.10607,23.9583,1.247
9.94,24.004,1.1394,24.0038,0.632903,23.9848,1.1713
9.95,24.0285,1.1215,23.7031,1.48339,23.9706,1.2095
9.96,24.0529,1.10263,23.9918,1.48327,23.9933,1.24377
9.97,24.0774,1.08277,24.0208,1.14299,24.0168,1.23205
9.98,24.1018,1.06193,24.0225,1.27166,24.0376,1.23757
9.99,24.1263,1.04011,24.4944,0.934963,24.1146,1.20049
10,24.1507,1.01731,24.0443,1.33572,24.1271,1.21723
10.01,24.1752,0.993526,24.2808,0.664955,24.1672,1.14853
10.02,24.1996,0.968764,24.2002,0.842568,24.1927,1.10907
10.03,24.2241,0.94302,24.4342,1.21697,24.2442,1.12042
10.04,24.2486,0.916295,24.5878,1.32911,24.309,1.14465
10.05,24.273,0.888589,24.0247,1.16334,24.2963,1.14575
10.06,24.2975,0.859902,24.1438,0.756222,24.2992,1.09596
10.07,24.3219,0.830234,24.0555,0.962484,24.2903,1.07706
10.08,24.3464,0.799585,24.4371,1.14753,24.3294,1.08325
10.09,24.3708,0.767955,24.2498,0.432573,24.3405,0.999658
10.1,24.3953,0.735345,24.0805,1.10717,24.3289,1.00891
10.11,24.4197,0.701753,24.5737,0.582468,24.3794,0.951832
10.12,24.4442,0.66718,25.2272,0.488848,24.5059,0.889044
10.13,24.4686,0.631626,24.4971,0.248208,24.5276,0.802815
10.14,24.4931,0.595091,24.7341,0.769854,24.5762,0.790712
10.15,24.5175,0.557575,24.7524,0.31037,24.6215,0.722716
10.16,24.542,0.519078,24.2233,0.0154504,24.5955,0.625117
10.17,24.5664,0.479601,24.3237,0.518839,24.5841,0.600613
10.18,24.5909,0.439142,24.8773,0.209774,24.6424,0.540343
10.19,24.6153,0.467659,24.2832,0.345338,24.62,0.503481
10.2,24.6398,0.499035,24.7491,0.396881,24.6575,0.477158
10.21,24.6642,0.52943,24.7088,0.291792,24.6856,0.440755
10.22,24.6887,0.558845,24.906,0.463614,24.7348,0.429872
10.23,24.7131,0.587278,24.5494,-0.216361,24.734,0.335599
10.24,24.7376,0.61473,24.9719,0.63817,24.7854,0.358005
10.25,24.7621,0.641201,24.3223,0.257003,24.7499,0.330923
10.26,24.7865,0.666692,24.9911,0.930856,24.8009,0.391079
10.27,24.811,0.691201,24.3636,0.253184,24.7679,0.360846
10.28,24.8354,0.714729,25.2238,0.955785,24.8451,0.421727
10.29,24.8599,0.737276,25.3497,1.79566,24.9295,0.581483
10.3,24.8843,0.758843,24.7469,0.694953,24.9295,0.587733
10.31,24.9088,0.779428,24.9354,0.673173,24.9525,0.59082
10.32,24.9332,0.799032,24.4529,0.532939,24.9123,0.576279
10.33,24.9577,0.817656,25.1882,0.292627,24.9674,0.533429
10.34,24.9821,0.835298,25.559,0.577154,25.0627,0.530681
10.35,25.0066,0.851959,25.3852,0.497881,25.1259,0.518529
10.36,25.031,0.86764,24.994,0.824105,25.1332,0.548538
10.37,25.0555,0.882339,25.0349,0.314639,25.1443,0.512086
10.38,25.0799,0.896057,24.9923,1.15089,25.1483,0.583922
10.39,25.1044,0.908795,25.021,0.340649,25.1549,0.547452
10.4,25.1288,0.920551,25.3982,1.1121,25.2074,0.611157
10.41,25.1533,0.931326,24.9152,1.6102,25.1936,0.730631
10.42,25.1777,0.941121,24.9722,0.906877,25.1878,0.750172
10.43,25.2022,0.949934,25.2981,0.888216,25.2227,0.765435
10.44,25.2266,0.957766,25.4467,0.314451,25.272,0.707577
10.45,25.2511,0.964617,25.471,1.01234,25.3188,0.742802
10.46,25.2755,0.970488,25.5505,0.403347,25.3701,0.698476
10.47,25.3,0.975377,25.3414,0.674783,25.3895,0.692633
10.48,25.3245,0.979285,25.3838,1.27674,25.4116,0.762582
10.49,25.3489,0.982213,24.9179,0.892165,25.3727,0.777414
10.5,25.3734,0.984159,25.2157,1.6655,25.3744,0.887257
10.51,25.3978,0.985124,24.4774,0.767507,25.2833,0.873759
10.52,25.4223,0.985109,25.5148,1.26574,25.3305,0.92379
10.53,25.4467,0.984112,24.9492,1.08124,25.3018,0.94562
10.54,25.4712,0.982134,26.2513,0.798727,25.4381,0.929893
10.55,25.4956,0.979176,25.473,1.01627,25.4627,0.942867
10.56,25.5201,0.975236,25.3935,1.49451,25.4744,1.01413
10.57,25.5445,0.970315,25.346,1.28803,25.4785,1.05223
10.58,25.569,0.964413,25.415,1.19378,25.4903,1.07455
10.59,25.5934,0.957531,24.916,1.2865,25.438,1.10603
10.6,25.6179,0.949667,25.778,0.968538,25.4983,1.09447
10.61,25.6423,0.940822,25.7568,1.62016,25.5492,1.16526
10.62,25.6668,0.930997,26.1996,0.320983,25.6497,1.06653
10.63,25.6912,0.92019,25.8119,0.969435,25.691,1.0587
10.64,25.7157,0.908402,25.5968,0.982401,25.7007,1.0532
10.65,25.7401,0.895634,26.165,1.31058,25.7797,1.08911
10.66,25.7646,0.881884,26.0616,0.704816,25.8372,1.04564
10.67,25.789,0.867153,25.8806,0.774683,25.8656,1.01525
10.68,25.8135,0.851441,26.2813,0.307082,25.9405,0.929548
10.69,25.8379,0.834749,25.9103,0.855157,25.9609,0.920995
10.7,25.8624,0.817075,25.6975,0.120844,25.9519,0.82167
10.71,25.8869,0.79842,25.4428,1.27117,25.9116,0.876102
10.72,25.9113,0.778785,25.7889,1.14437,25.918,0.909151
10.73,25.9358,0.758168,25.9165,0.637702,25.9391,0.875582
10.74,25.9602,0.73657,25.4872,0.645974,25.9039,0.846493
10.75,25.9847,0.713992,25.755,1.05792,25.9053,0.871815
10.76,26.0091,0.690432,26.104,0.699451,25.9495,0.849824
10.77,26.0336,0.665891,25.6573,1.09817,25.933,0.879864
10.78,26.058,0.64037,26.9044,1.1685,26.0733,0.915613
10.79,26.0825,0.613867,26.0949,0.411852,26.0977,0.853268
10.8,26.1069,0.586383,25.4942,0.555129,26.044,0.815206
10.81,26.1314,0.557919,26.147,0.289892,26.0768,0.747984
10.82,26.1558,0.528473,25.8678,0.437417,26.0709,0.706131
10.83,26.1803,0.498046,26.323,0.244787,26.1219,0.644625
10.84,26.2047,0.466639,26.0345,0.401066,26.1312,0.60905
10.85,26.2292,0.44119,25.8737,0.952724,26.1189,0.646106
10.86,26.2536,0.466738,26.2218,0.468896,26.1508,0.619118
10.87,26.2781,0.491305,26.2925,0.897787,26.1878,0.648549
10.88,26.3025,0.514891,25.9483,0.662065,26.1776,0.64567
10.89,26.327,0.537496,26.2143,0.61245,26.2011,0.63701
10.9,26.3514,0.55912,25.4578,0.736975,26.1273,0.644893
10.91,26.3759,0.579763,26.4474,0.702554,26.1841,0.647785
10.92,26.4003,0.599425,26.6494,0.613608,26.2599,0.639387
10.93,26.4248,0.618106,26.2811,0.651986,26.2815,0.636745
10.94,26.4493,0.635806,26.8013,0.370405,26.3653,0.599343
10.95,26.4737,0.652525,26.227,0.869003,26.3683,0.628113
10.96,26.4982,0.668263,26.7755,0.95373,26.4389,0.664618
10.97,26.5226,0.68302,26.45,0.758976,26.4612,0.673165
10.98,26.5471,0.696796,26.5572,0.507499,26.494,0.649532
10.99,26.5715,0.709591,26.0442,0.720926,26.4589,0.655039
11,26.596,0.721405,26.8593,0.880279,26.5287,0.679949
11.01,26.6204,0.732238,26.5622,0.737308,26.5536,0.684535
11.02,26.6449,0.74209,26.3053,0.946492,26.5434,0.714816
11.03,26.6693,0.750961,26.7887,1.11163,26.5941,0.762649
11.04,26.6938,0.758851,26.4585,0.685555,26.5979,0.752431
11.05,26.7182,0.765759,26.6838,1.12201,26.6288,0.797745
11.06,26.7427,0.771687,26.6742,0.409863,26.6549,0.749548
11.07,26.7671,0.776634,26.9766,0.640513,26.7155,0.735088
11.08,26.7916,0.7806,26.8286,0.645737,26.7509,0.722789
11.09,26.816,0.783585,27.2342,0.377751,26.8328,0.678343
11.1,26.8405,0.785589,26.9908,0.745629,26.8753,0.684413
11.11,26.8649,0.786612,27.2532,1.17417,26.9456,0.743394
11.12,26.8894,0.786654,27.1688,-0.016814,26.9975,0.647736
11.13,26.9138,0.785715,27.2586,1.27166,27.0547,0.722731
11.14,26.9383,0.783795,26.8957,0.621566,27.0602,0.708954
11.15,26.9627,0.780894,27.3984,1.05063,27.1271,0.750166
11.16,26.9872,0.777012,26.5762,1.05502,27.084,0.787721
11.17,27.0117,0.772149,26.8547,0.738717,27.0794,0.781951
11.18,27.0361,0.766305,26.7728,0.964906,27.0644,0.804992
11.19,27.0606,0.75948,26.7355,0.983418,27.0458,0.827967
11.2,27.085,0.751674,27.0586,0.895634,27.0688,0.837605
11.21,27.1095,0.742887,26.9124,0.546032,27.0707,0.802595
11.22,27.1339,0.733119,27.7623,0.981176,27.1779,0.825455
11.23,27.1584,0.72237,26.762,0.862051,27.1488,0.831082
11.24,27.1828,0.71064,27.1418,0.284055,27.1694,0.763976
11.25,27.2073,0.697929,27.5068,0.715822,27.233,0.757628
11.26,27.2317,0.684237,27.1014,0.0518414,27.2389,0.669083
11.27,27.2562,0.669564,26.5036,0.895746,27.169,0.694974
11.28,27.2806,0.65391,27.4089,0.213975,27.2187,0.633182
11.29,27.3051,0.637275,26.7367,0.918708,27.179,0.665736
11.3,27.3295,0.619659,26.9939,0.42715,27.1749,0.633676
11.31,27.354,0.601062,27.4404,0.218387,27.2265,0.578922
11.32,27.3784,0.581484,27.7357,0.262781,27.3091,0.535416
11.33,27.4029,0.560925,27.443,0.456896,27.3463,0.520712
11.34,27.4273,0.539385,27.851,0.662332,27.43,0.53328
11.35,27.4518,0.516864,27.2765,0.74299,27.4329,0.554747
11.36,27.4762,0.493362,27.1376,0.418907,27.4176,0.533681
11.37,27.5007,0.468879,27.4196,0.686618,27.4386,0.548293
11.38,27.5252,0.443415,28.2775,0.315021,27.5639,0.515141
11.39,27.5496,0.454933,27.2208,0.522856,27.5439,0.511438
11.4,27.5741,0.47449,28.2345,0.437894,27.652,0.497631
11.41,27.5985,0.493066,27.7922,0.617511,27.6931,0.507774
11.42,27.623,0.510661,27.1017,0.678631,27.6433,0.524621
11.43,27.6474,0.527275,27.536,0.0161141,27.6522,0.457171
11.44,27.6719,0.542908,27.5492,0.382879,27.6613,0.442531
11.45,27.6963,0.55756,27.2076,0.931399,27.6262,0.497981
11.46,27.7208,0.571231,27.594,0.568361,27.6425,0.50256
11.47,27.7452,0.583921,27.3133,0.0478867,27.6215,0.441823
11.48,27.7697,0.59563,28.213,0.618306,27.7145,0.458619
11.49,27.7941,0.606358,27.7151,0.678653,27.7353,0.481348
11.5,27.8186,0.616105,28.0932,0.500565,27.8006,0.479632
11.51,27.843,0.624871,28.0108,0.876155,27.8484,0.525065
11.52,27.8675,0.632656,28.0867,0.713362,27.9002,0.545609
11.53,27.8919,0.63946,27.6437,0.482768,27.8909,0.535337
11.54,27.9164,0.645283,27.8917,1.00831,27.9128,0.591764
11.55,27.9408,0.650125,28.6559,0.6102,28.0274,0.592769
11.56,27.9653,0.653986,28.7354,0.640791,28.1395,0.597521
11.57,27.9897,0.656866,27.6664,0.515834,28.1061,0.586221
11.58,28.0142,0.658765,27.8885,0.47551,28.1032,0.57108
11.59,28.0386,0.659683,28.2538,0.563891,28.1456,0.568559
11.6,28.0631,0.65962,28.0785,0.553441,28.1612,0.565034
11.61,28.0876,0.658576,28.0974,-0.0920903,28.1769,0.481358
11.62,28.112,0.656551,28.1556,0.839007,28.1977,0.522526
11.63,28.1365,0.653545,28.2262,0.940208,28.2245,0.572172
11.64,28.1609,0.649558,27.7742,0.662978,28.1916,0.582176
11.65,28.1854,0.64459,28.7312,0.835579,28.281,0.612722
11.66,28.2098,0.638641,28.2049,0.587582,28.2949,0.609203
11.67,28.2343,0.631711,28.2617,0.182742,28.3138,0.555537
11.68,28.2587,0.6238,28.499,0.85501,28.3599,0.591297
11.69,28.2832,0.614908,28.3476,0.546802,28.3818,0.584956
11.7,28.3076,0.605035,28.4007,0.892675,28.4074,0.622448
11.71,28.3321,0.594181,28.7193,0.817334,28.4696,0.646703
11.72,28.3565,0.582346,28.3957,0.11517,28.4844,0.58084
11.73,28.381,0.56953,28.4923,0.247498,28.5092,0.538258
11.74,28.4054,0.555733,28.0037,1.04208,28.4698,0.599237
11.75,28.4299,0.540955,28.4622,0.58527,28.4911,0.596983
11.76,28.4543,0.525195,28.3763,1.06222,28.499,0.654493
11.77,28.4788,0.508455,28.8775,0.17341,28.568,0.595183
11.78,28.5032,0.490734,29.0382,0.875705,28.6494,0.629598
11.79,28.5277,0.472032,28.8644,0.157073,28.7002,0.570808
11.8,28.5521,0.45235,28.5777,0.952436,28.7094,0.617317
11.81,28.5766,0.443517,28.9355,0.574641,28.7617,0.611923
11.82,28.601,0.459332,28.5717,-0.361407,28.7626,0.490277
11.83,28.6255,0.474166,28.7658,0.510464,28.787,0.489955
11.84,28.65,0.488019,29.0154,0.258928,28.8395,0.458349
11.85,28.6744,0.500891,29.0215,0.390412,28.8867,0.446472
11.86,28.6989,0.512782,28.7258,0.737728,28.8915,0.479244
11.87,28.7233,0.523693,28.7927,0.39178,28.9036,0.465562
11.88,28.7478,0.533622,28.5434,0.083924,28.8827,0.41494
11.89,28.7722,0.54257,28.8052,0.0539295,28.896,0.36586
11.9,28.7967,0.550537,29.0465,0.40101,28.9375,0.365243
11.91,28.8211,0.557523,29.3055,0.720589,29.0065,0.404695
11.92,28.8456,0.563528,28.2016,0.78382,28.93,0.4481
11.93,28.87,0.568552,29.5207,0.532139,29.0254,0.455728
11.94,28.8945,0.572595,29.0704,1.07006,29.0543,0.529769
11.95,28.9189,0.575657,28.6887,0.462711,29.032,0.520465
11.96,28.9434,0.577738,28.7355,0.798882,29.0172,0.554092
11.97,28.9678,0.578838,28.8176,0.271864,29.0137,0.51852
11.98,28.9923,0.578957,28.803,0.754621,29.0081,0.546861
11.99,29.0167,0.578095,28.7408,0.707312,28.9949,0.566409
12,29.0412,0.576253,28.9244,0.624684,29.0054,0.573647
12.01,29.0656,0.573429,29.3892,0.557431,29.0724,0.571748
12.02,29.0901,0.569624,28.7198,0.862633,29.0484,0.608127
12.03,29.1145,0.564838,29.0475,0.430405,29.0673,0.586823
12.04,29.139,0.559071,29.0252,0.695214,29.081,0.600734
12.05,29.1634,0.552323,29.1521,0.348076,29.1087,0.569886
12.06,29.1879,0.544594,29.2023,0.188775,29.1393,0.522316
12.07,29.2124,0.535884,28.7999,0.644458,29.1161,0.536507
12.08,29.2368,0.526193,29.4355,0.964337,29.1741,0.58918
12.09,29.2613,0.515521,29.3194,0.40512,29.2112,0.566667
12.1,29.2857,0.503868,29.2237,0.710681,29.232,0.584589
12.11,29.3102,0.491234,29.331,0.606657,29.2636,0.587688
12.12,29.3346,0.477619,29.3508,1.22478,29.294,0.667593
12.13,29.3574,0.462617,28.9364,0.43668,29.269,0.640918
12.14,29.3777,0.446027,29.6412,0.722525,29.3341,0.652606
12.15,29.398,0.445443,29.7133,0.265937,29.401,0.606077
12.16,29.4183,0.45843,30.0779,0.428571,29.506,0.584587
12.17,29.4387,0.470436,29.3643,0.646211,29.5106,0.592453
12.18,29.459,0.481461,29.4346,0.714291,29.523,0.607999
12.19,29.4793,0.491505,29.2113,0.219592,29.5057,0.560205
12.2,29.4996,0.500567,29.3527,0.0721748,29.5073,0.498916
12.21,29.5199,0.508649,29.8354,0.176262,29.5684,0.456933
12.22,29.5402,0.51575,29.8923,0.456024,29.6299,0.454226
12.23,29.5605,0.52187,29.2418,0.108847,29.6033,0.408538
12.24,29.5808,0.527009,29.1871,0.341768,29.5721,0.396683
12.25,29.6012,0.531167,30.0463,0.955687,29.6508,0.462746
12.26,29.6215,0.534344,29.6652,0.56159,29.6733,0.472924
12.27,29.6418,0.53654,29.4077,0.710669,29.6609,0.500711
12.28,29.6621,0.537755,29.8153,0.696741,29.7001,0.523948
12.29,29.6824,0.537989,29.6748,0.384874,29.7172,0.505906
12.3,29.7027,0.537242,29.7112,0.980785,29.7367,0.564101
12.31,29.723,0.535514,29.045,0.718355,29.6704,0.583585
12.32,29.7434,0.532805,30.2603,0.738131,29.7622,0.603526
12.33,29.7637,0.529115,29.5128,0.187586,29.7507,0.552697
12.34,29.784,0.524444,29.6012,1.16878,29.751,0.629514
12.35,29.8043,0.518792,29.6867,0.674825,29.7615,0.636786
12.36,29.8246,0.512159,30.2845,0.512853,29.845,0.623058
12.37,29.8449,0.504545,29.4248,0.56837,29.8122,0.617626
12.38,29.8652,0.49595,30.0022,0.651431,29.8543,0.623084
12.39,29.8855,0.486373,29.1687,0.867396,29.7876,0.6549
12.4,29.9059,0.475816,29.9639,0.477793,29.8265,0.634789
12.41,29.9262,0.464278,29.9148,0.472401,29.8549,0.616026
12.42,29.9465,0.451759,30.1136,0.311406,29.9048,0.579066
12.43,29.9668,0.438581,29.1743,0.749048,29.8318,0.600496
12.44,29.9871,0.449195,30.0864,0.526796,29.8797,0.591981
12.45,30.0074,0.458828,30.1553,0.305822,29.9309,0.55675
12.46,30.0277,0.467479,29.8463,0.689627,29.9379,0.573027
12.47,30.0481,0.47515,29.5796,0.88744,29.9104,0.612322
12.48,30.0684,0.48184,30.2525,0.251203,29.9692,0.568176
12.49,30.0887,0.487548,29.7123,-0.454366,29.9542,0.440503
12.5,30.109,0.492276,29.8457,0.630635,29.957,0.461368
12.51,30.1293,0.496022,29.7364,0.700489,29.9455,0.488874
12.52,30.1496,0.498788,30.275,0.479494,30.0019,0.486029
12.53,30.1699,0.500573,30.7013,0.545851,30.1053,0.4918
12.54,30.1902,0.501377,29.1712,0.773373,30.0068,0.525412
12.55,30.2106,0.501199,30.2787,0.679629,30.0561,0.543904
12.56,30.2309,0.500041,30.1589,0.117975,30.0851,0.490424
12.57,30.2512,0.497901,29.6028,0.623712,30.0412,0.505566
12.58,30.2715,0.494781,30.4575,0.716812,30.1081,0.530805
12.59,30.2918,0.49068,30.0914,0.168233,30.1221,0.485018
12.6,30.3121,0.485597,30.7543,0.527655,30.217,0.488808
12.61,30.3324,0.479534,30.5644,0.145066,30.278,0.444504
12.62,30.3528,0.47249,30.4873,0.922288,30.3226,0.501784
12.63,30.3731,0.464464,29.7756,0.757477,30.2734,0.53266
12.64,30.3934,0.455458,30.2862,0.584872,30.2925,0.538845
12.65,30.4137,0.445471,30.5081,0.622403,30.3369,0.549086
12.66,30.434,0.44119,30.2234,0.517848,30.3407,0.545229
12.67,30.4543,0.449249,30.5709,0.461238,30.3871,0.534705
12.68,30.4746,0.456326,30.1854,0.365923,30.3801,0.51337
12.69,30.4949,0.462423,30.2649,0.548458,30.3834,0.517016
12.7,30.5153,0.467538,30.462,0.716673,30.4104,0.541297
12.71,30.5356,0.471673,30.6796,0.445785,30.4614,0.529291
12.72,30.5559,0.474826,30.2919,-0.0165806,30.4584,0.460824
12.73,30.5762,0.476999,30.102,0.0885573,30.4314,0.412533
12.74,30.5965,0.478191,31.1239,0.310823,30.5344,0.396994
12.75,30.6168,0.478401,29.9336,0.470612,30.4778,0.403065
12.76,30.6371,0.477631,30.0766,0.46236,30.4444,0.407559
12.77,30.6575,0.475879,31.1757,0.927269,30.5512,0.469679
12.78,30.6778,0.473147,30.3647,0.345815,30.5454,0.452915
12.79,30.6981,0.469433,30.979,1.12177,30.6164,0.53474
12.8,30.7184,0.464739,30.7241,0.647422,30.6479,0.548991
12.81,30.7387,0.459063,31.259,0.69614,30.7424,0.56785
12.82,30.759,0.452407,30.7435,0.595603,30.7625,0.57221
12.83,30.7793,0.44477,30.6139,0.528815,30.7638,0.567764
12.84,30.7996,0.43997,31.1041,-0.0621888,30.8256,0.490001
12.85,30.82,0.446325,30.6836,0.226615,30.8281,0.45626
12.86,30.8403,0.451699,30.7078,0.229593,30.8329,0.426384
12.87,30.8606,0.456093,30.8321,0.387831,30.8522,0.419369
12.88,30.8809,0.459505,30.8855,0.739374,30.8757,0.457
12.89,30.9012,0.461936,31.6002,0.798514,30.9854,0.498196
12.9,30.9215,0.463386,30.8039,0.517642,30.9841,0.500137
12.91,30.9418,0.463856,31.0851,0.774264,31.0174,0.533915
12.92,30.9622,0.463344,30.9454,0.903401,31.0293,0.580342
12.93,30.9825,0.461851,31.012,0.768114,31.0479,0.6051
12.94,31.0028,0.459377,30.42,0.234336,30.9901,0.560668
12.95,31.0231,0.455922,31.1429,0.972087,31.0279,0.612826
12.96,31.0434,0.451487,31.1023,1.05069,31.0563,0.669404
12.97,31.0637,0.44607,31.3366,0.599568,31.1106,0.663816
12.98,31.084,0.439672,31.1482,0.541027,31.1353,0.651419
12.99,31.1043,0.442731,31.2042,-0.249709,31.1639,0.54155
13,31.1247,0.447035,31.6644,0.75766,31.2465,0.568633
13.01,31.145,0.450358,31.1357,0.4021,31.2541,0.548555
13.02,31.1653,0.4527,31.2769,-0.15922,31.2781,0.46048
13.03,31.1856,0.454061,31.1892,0.235435,31.2881,0.430712
13.04,31.2059,0.454441,31.7613,0.512538,31.3679,0.438629
13.05,31.2262,0.45384,31.1207,0.82598,31.359,0.484902
13.06,31.2465,0.452258,31.2051,0.421878,31.3611,0.476037
13.07,31.2668,0.449695,31.7077,0.491595,31.4251,0.47681
13.08,31.2872,0.446151,31.4778,0.140969,31.4533,0.433778
13.09,31.3075,0.441626,30.4824,0.568915,31.3539,0.448605
13.1,31.3278,0.440261,31.0339,0.508114,31.333,0.454371
13.11,31.3481,0.443773,31.612,0.476121,31.3859,0.455592
13.12,31.3684,0.446304,30.8898,0.646658,31.3427,0.478005
13.13,31.3887,0.447854,31.8257,0.565081,31.4204,0.487968
13.14,31.409,0.448423,31.1401,0.657517,31.404,0.508463
13.15,31.4294,0.448011,31.5079,0.145265,31.4348,0.462942
13.16,31.4497,0.446618,31.2001,0.50341,31.4236,0.466803
13.17,31.47,0.444244,31.1523,0.628024,31.4071,0.485847
13.18,31.4903,0.44089,31.6218,0.634885,31.4504,0.503815
13.19,31.5106,0.439886,31.3013,0.854963,31.4489,0.547412
13.2,31.5309,0.442462,31.3259,0.507773,31.4501,0.543202
13.21,31.5512,0.444057,31.8818,0.663571,31.5202,0.558849
13.22,31.5715,0.444671,31.4615,0.538681,31.5303,0.557285
13.23,31.5919,0.444304,31.8263,0.543325,31.5844,0.556438
13.24,31.6122,0.442957,31.7184,-0.16272,31.619,0.467549
13.25,31.6325,0.440628,31.7876,0.397739,31.6582,0.457726
13.26,31.6528,0.439352,31.5609,0.613381,31.6647,0.475851
13.27,31.6731,0.441284,31.6633,0.337155,31.6828,0.457673
13.28,31.6934,0.442235,32.0147,0.771086,31.7425,0.495538
13.29,31.7137,0.442205,31.5204,0.949168,31.7338,0.55176
13.3,31.7341,0.441194,31.5178,0.547352,31.7253,0.552063
13.31,31.7544,0.439201,31.6099,0.750429,31.7287,0.577655
13.32,31.7747,0.439834,31.609,0.350353,31.7311,0.550667
13.33,31.795,0.44079,31.1581,0.13764,31.6766,0.499878
13.34,31.8153,0.440765,32.0335,0.332912,31.7366,0.478666
13.35,31.8356,0.439759,31.2444,0.0614784,31.6915,0.425774
13.36,31.8559,0.439035,32.1187,0.356573,31.7597,0.41517
13.37,31.8762,0.439908,31.926,1.12722,31.7965,0.501876
13.38,31.8966,0.4398,32.0747,0.696911,31.8477,0.526014
13.39,31.9169,0.438712,31.881,0.42268,31.869,0.513451
13.4,31.9372,0.439312,32.0236,0.00778624,31.9055,0.450399
13.41,31.9575,0.439192,31.7983,0.500996,31.9097,0.455382
13.42,31.9778,0.438822,31.6181,0.703575,31.8905,0.485166
13.43,31.9981,0.438987,32.0429,0.708024,31.9259,0.512468
13.44,32.0184,0.438754,32.0773,0.78014,31.9615,0.545973
13.45,32.0387,0.438691,32.2592,0.449307,32.0158,0.534743
13.46,32.059,0.438677,32.415,0.577836,32.0835,0.540687
13.47,32.0793,0.438597,31.4838,0.0772044,32.0275,0.483531
13.48,32.0996,0.438593,32.3099,0.098254,32.0799,0.434868
13.49,32.1199,0.438581,32.2145,0.439375,32.1146,0.433796
13.5,32.1402,0.438581,32.3139,0.644854,32.1577,0.458516
13.51,32.1605,0.438581,32.3032,0.910238,32.1946,0.51385
13.52,32.1808,0.438581,32.6217,0.594927,32.2669,0.524167
13.53,32.2011,0.438581,31.6804,0.52909,32.2139,0.525202
13.54,32.2214,0.438581,31.7177,0.269402,32.1705,0.493713
13.55,32.2417,0.438581,32.2554,0.480777,32.1982,0.491832
13.56,32.262,0.438581,32.5772,0.489607,32.2627,0.491253
13.57,32.2822,0.438581,32.0742,0.0846853,32.2574,0.440211
13.58,32.3025,0.438581,32.682,0.581075,32.3281,0.456374
13.59,32.3228,0.438581,32.6772,0.46159,32.3904,0.455999
13.6,32.3431,0.438581,32.2011,0.746092,32.3865,0.491191
13.61,32.3634,0.438581,32.6252,0.887222,32.4353,0.540397
13.62,32.3837,0.438581,32.6624,0.97254,32.4833,0.595191
13.63,32.404,0.438581,32.4535,0.238173,32.4999,0.552684
13.64,32.4243,0.438581,32.8184,-0.0172719,32.5597,0.482623
13.65,32.4446,0.438581,32.3879,0.50095,32.5592,0.484415
13.66,32.4649,0.438581,32.2037,0.016487,32.5352,0.425579
13.67,32.4852,0.438581,32.5711,0.095977,32.559,0.382728
13.68,32.5055,0.438581,31.98,0.31511,32.5061,0.371677
13.69,32.5258,0.438581,32.5454,0.432655,32.5287,0.376496
13.7,32.5461,0.438581,32.2049,0.701067,32.5061,0.414384
13.71,32.5664,0.438581,32.5562,0.593992,32.5292,0.435076
13.72,32.5867,0.438581,32.8509,0.342657,32.5863,0.422317
13.73,32.607,0.438581,32.6306,0.284777,32.6096,0.40368
13.74,32.6272,0.438581,32.8341,0.523089,32.6554,0.416736
13.75,32.6475,0.438581,32.6692,0.0113121,32.6755,0.364631
13.76,32.6678,0.438581,32.433,0.432126,32.6636,0.370439
13.77,32.6881,0.438581,32.9843,0.400816,32.7212,0.371807
13.78,32.7084,0.438581,33.0532,0.220027,32.7811,0.350535
13.79,32.7287,0.438581,32.8569,0.781852,32.8099,0.401619
13.8,32.749,0.438581,33.0806,0.620409,32.8631,0.427369
13.81,32.7693,0.438581,32.6997,0.95311,32.8629,0.492024
13.82,32.7896,0.438581,32.9444,0.526986,32.8927,0.496874
13.83,32.8099,0.438581,32.8959,-0.382351,32.9128,0.387737
13.84,32.8302,0.438581,32.896,0.587184,32.9305,0.410805
13.85,32.8505,0.438581,32.5837,0.203515,32.9068,0.383666
13.86,32.8708,0.438581,32.6918,0.773373,32.8986,0.430465
13.87,32.8911,0.438581,32.5637,0.557349,32.8748,0.445535
13.88,32.9114,0.438581,32.5691,0.145143,32.8536,0.407635
13.89,32.9317,0.438581,33.0836,0.228409,32.8984,0.384036
13.9,32.952,0.438581,32.9435,0.26644,32.9208,0.367643
13.91,32.9722,0.438581,32.8494,0.111032,32.9286,0.333587
13.92,32.9925,0.438581,32.3536,0.211204,32.8734,0.315586
13.93,33.0128,0.438581,32.7903,0.254368,32.8779,0.304893
13.94,33.0331,0.438581,32.9256,-0.0541412,32.8985,0.256879
13.95,33.0534,0.438581,33.1448,0.713997,32.9439,0.309741
13.96,33.0737,0.438581,32.7318,0.452924,32.9328,0.324688
13.97,33.094,0.438581,33.0752,0.284774,32.9653,0.317187
13.98,33.1143,0.438581,33.2625,0.393973,33.0174,0.324147
13.99,33.1346,0.438581,32.7999,0.419499,33.0061,0.333642
14,33.1549,0.438581,33.3261,0.237641,33.0612,0.319526
14.01,33.1752,0.438581,33.2602,0.164229,33.102,0.297755
14.02,33.1955,0.438581,33.2528,0.504857,33.1373,0.320791
14.03,33.2158,0.438581,33.2589,0.626777,33.1693,0.356741
14.04,33.2361,0.438581,33.6084,-0.00434873,33.2412,0.310289
14.05,33.2564,0.438581,33.6617,0.709892,33.312,0.357782
14.06,33.2767,0.438581,33.2839,0.580184,33.3278,0.38426
14.07,33.297,0.438581,33.646,0.410248,33.3868,0.386839
14.08,33.3172,0.438581,33.2956,0.0634832,33.3954,0.345897
14.09,33.3375,0.438581,33.4873,0.0689628,33.4266,0.309867
14.1,33.3578,0.438581,33.3561,0.703076,33.4377,0.356712
14.11,33.3781,0.438581,33.8482,0.6945,33.5086,0.397721
14.12,33.3984,0.438581,33.5364,0.875399,33.5328,0.457113
14.13,33.4187,0.438581,33.3126,0.933534,33.526,0.517652
14.14,33.439,0.438581,33.0936,0.640693,33.4921,0.53539
14.15,33.4593,0.438581,33.3002,0.71212,33.487,0.560156
14.16,33.4796,0.438581,33.8222,0.755192,33.5471,0.587681
14.17,33.4999,0.438581,33.0435,0.494845,33.5033,0.579805
14.18,33.5202,0.438581,33.7063,0.0364945,33.5463,0.515449
14.19,33.5405,0.438581,33.7081,0.8941,33.5847,0.564651
14.2,33.5608,0.438581,33.7068,0.430338,33.6184,0.550867
14.21,33.5811,0.438581,33.4855,0.393945,33.6207,0.533887
14.22,33.6014,0.438581,33.5524,0.476344,33.6306,0.528871
14.23,33.6217,0.438581,33.6396,1.01766,33.6498,0.591868
14.24,33.642,0.438581,33.6554,0.656139,33.6687,0.603218
14.25,33.6623,0.438581,33.9771,0.582714,33.7252,0.604153
14.26,33.6825,0.438581,33.6724,-0.0524917,33.7375,0.525639
14.27,33.7028,0.438581,33.6212,0.653469,33.7416,0.543215
14.28,33.7231,0.438581,33.6344,0.242362,33.7465,0.50764
14.29,33.7434,0.438581,34.0127,0.554932,33.7977,0.514683
14.3,33.7637,0.438581,33.5834,0.611642,33.7896,0.528049
14.31,33.784,0.438581,33.4803,0.308809,33.7689,0.502217
14.32,33.8043,0.438581,33.9137,0.745431,33.8041,0.533492
14.33,33.8246,0.438581,34.0961,0.259274,33.8579,0.500858
14.34,33.8449,0.438581,33.5841,0.276173,33.8419,0.473651
14.35,33.8652,0.438581,33.5948,0.235274,33.8284,0.44412
14.36,33.8855,0.438581,33.9647,0.697684,33.862,0.475327
14.37,33.9058,0.438581,33.6186,0.41777,33.8486,0.468402
14.38,33.9261,0.438581,33.7779,0.453893,33.856,0.466692
14.39,33.9464,0.438581,34.2613,0.326977,33.9225,0.449317
14.4,33.9667,0.438581,34.2967,0.0394147,33.9863,0.397844
14.41,33.987,0.438581,34.1616,0.452334,34.0261,0.403205
14.42,34.0073,0.438581,33.6302,0.809812,33.9952,0.452659
14.43,34.0275,0.438581,33.7376,0.643954,33.9803,0.476359
14.44,34.0478,0.438581,34.1036,0.111842,34.0122,0.431222
14.45,34.0681,0.438581,34.117,0.843159,34.0421,0.481981
14.46,34.0884,0.438581,34.349,0.949693,34.0975,0.540828
14.47,34.1087,0.438581,34.016,0.675202,34.1051,0.559352
14.48,34.129,0.438581,34.0804,0.433596,34.1196,0.545776
14.49,34.1493,0.438581,34.2647,0.696109,34.1551,0.566303
14.5,34.1696,0.438581,34.4714,-0.360662,34.2124,0.452801
14.51,34.1899,0.438581,34.5362,0.310343,34.2714,0.434659
14.52,34.2102,0.438581,34.1552,0.557826,34.2763,0.449276
14.53,34.2305,0.438581,34.4878,0.614105,34.3217,0.469431
14.54,34.2508,0.438581,34.2123,0.659759,34.3276,0.49322
14.55,34.2711,0.438581,34.3532,0.457352,34.35,0.4893
14.56,34.2914,0.438581,34.3009,0.13097,34.3631,0.445042
14.57,34.3117,0.438581,34.5786,0.0086185,34.409,0.390059
14.58,34.332,0.438581,34.3412,0.464009,34.42,0.397575
14.59,34.3523,0.438581,34.0291,0.0145066,34.3905,0.348268
14.6,34.3725,0.438581,34.4415,0.32525,34.4151,0.34285
14.61,34.3928,0.438581,34.6046,0.557306,34.457,0.367012
14.62,34.4131,0.438581,34.2023,0.875922,34.4439,0.428511
14.63,34.4334,0.438581,34.715,0.0537533,34.4957,0.381134
14.64,34.4537,0.438581,34.7608,0.196956,34.5474,0.356518
14.65,34.474,0.438581,34.0632,0.397346,34.5063,0.359482
14.66,34.4943,0.438581,34.4147,0.497455,34.5128,0.374688
14.67,34.5146,0.438581,34.7876,-0.0498893,34.5647,0.320076
14.68,34.5349,0.438581,34.6405,0.562699,34.5924,0.34757
14.69,34.5552,0.438581,34.6919,0.811942,34.6233,0.403406
14.7,34.5755,0.438581,34.2666,0.594286,34.5975,0.426388
14.71,34.5958,0.438581,34.7505,-0.145832,34.6342,0.354667
14.72,34.6161,0.438581,34.9949,0.457034,34.6972,0.365566
14.73,34.6364,0.438581,34.0905,0.285928,34.6404,0.354038
14.74,34.6567,0.438581,34.9535,0.294817,34.6967,0.344845
14.75,34.677,0.438581,34.8007,0.589873,34.7277,0.373463
14.76,34.6973,0.438581,34.5717,0.434251,34.7265,0.379765
14.77,34.7175,0.438581,34.5658,0.632315,34.7242,0.410167
14.78,34.7378,0.438581,34.769,0.152274,34.747,0.377564
14.79,34.7581,0.438581,34.8882,0.224028,34.782,0.357281
14.8,34.7784,0.438581,35.3132,0.771344,34.8659,0.407412
14.81,34.7987,0.438581,34.0844,0.496901,34.7875,0.418175
14.82,34.819,0.438581,34.414,0.468321,34.7577,0.424274
14.83,34.8393,0.438581,35.0455,0.212762,34.8095,0.397858
14.84,34.8596,0.438581,34.5907,0.639125,34.7987,0.427367
14.85,34.8799,0.438581,34.9547,0.279611,34.8341,0.408991
14.86,34.9002,0.438581,34.5193,0.526188,34.811,0.423274
14.87,34.9205,0.438581,34.6653,0.482738,34.8082,0.430674
14.88,34.9408,0.438581,34.8837,0.533595,34.8325,0.443659
14.89,34.9611,0.438581,34.4164,0.50489,34.7957,0.451722
14.9,34.9814,0.438581,35.0928,0.163808,34.8466,0.416382
14.91,35.0017,0.438581,34.6469,0.514699,34.8364,0.428451
14.92,35.022,0.438581,35.0991,0.0183804,34.8832,0.377348
14.93,35.0423,0.438581,35.0393,0.286761,34.9174,0.364993
14.94,35.0625,0.438581,34.2279,0.60848,34.8465,0.394084
14.95,35.0828,0.438581,35.1223,0.192512,34.8941,0.368304
14.96,35.1031,0.438581,34.9777,0.430542,34.9184,0.374897
14.97,35.1234,0.438581,35.2584,0.954142,34.9749,0.44618
14.98,35.1437,0.438581,35.281,0.0177158,35.0281,0.393296
14.99,35.164,0.438581,34.9601,1.00152,35.0353,0.468608
15,35.1843,0.438581,35.7816,0.912677,35.144,0.525097
15.01,35.2046,0.438581,35.3676,0.454851,35.1894,0.518614
15.02,35.2249,0.438581,34.9714,0.69398,35.1803,0.542582
15.03,35.2452,0.438581,35.0759,0.381567,35.1846,0.525046
15.04,35.2655,0.438581,35.0898,0.45957,35.1899,0.518984
15.05,35.2858,0.438581,35.633,0.562788,35.2619,0.526374
15.06,35.3061,0.438581,35.5824,0.292188,35.3198,0.499187
15.07,35.3264,0.438581,35.8211,0.591882,35.4011,0.512146
15.08,35.3467,0.438581,35.1385,0.0663897,35.3884,0.458161
15.09,35.367,0.438581,35.4481,0.348476,35.4151,0.444892
15.1,35.3873,0.438581,35.5956,-0.221443,35.457,0.361859
15.11,35.4076,0.438581,35.1441,0.760667,35.4378,0.409925
15.12,35.4278,0.438581,35.3907,0.684814,35.4508,0.443621
15.13,35.4481,0.438581,35.2277,0.417111,35.4416,0.440457
15.14,35.4684,0.438581,35.6171,0.486298,35.4816,0.44625
15.15,35.4887,0.438581,35.5634,0.189631,35.5102,0.414424
15.16,35.509,0.438581,35.5882,0.577026,35.5386,0.434211
15.17,35.5293,0.438581,36.0803,0.652638,35.625,0.461409
15.18,35.5496,0.438581,35.7506,0.77446,35.6608,0.501012
15.19,35.5699,0.438581,35.6224,-0.065685,35.6765,0.431685
15.2,35.5902,0.438581,35.9851,0.474398,35.7353,0.436855
15.21,35.6105,0.438581,35.3895,0.971882,35.7133,0.503576
15.22,35.6308,0.438581,35.7208,-0.125578,35.7343,0.426482
15.23,35.6511,0.438581,35.7458,0.552238,35.7557,0.44187
15.24,35.6714,0.438581,35.6583,0.66323,35.7636,0.469533
15.25,35.6917,0.438581,35.9184,0.824616,35.8026,0.514487
15.26,35.712,0.438581,35.7118,-0.0342849,35.8113,0.447617
15.27,35.7323,0.438581,36.0773,0.00220203,35.8642,0.392142
15.28,35.7526,0.438581,35.3303,0.700228,35.818,0.429479
15.29,35.7728,0.438581,35.3896,0.209435,35.7834,0.401756
15.3,35.7931,0.438581,35.8502,0.228991,35.8094,0.379334
15.31,35.8134,0.438581,35.7294,0.92097,35.8171,0.445591
15.32,35.8337,0.438581,35.7034,0.511993,35.8204,0.454027
15.33,35.854,0.438581,35.7137,0.752491,35.8243,0.491603
15.34,35.8743,0.438581,35.8424,1.13259,35.8433,0.572735
15.35,35.8946,0.438581,35.3232,0.139035,35.7952,0.521505
15.36,35.9149,0.438581,35.9523,0.709951,35.8301,0.546718
15.37,35.9352,0.438581,36.3269,0.706393,35.9078,0.56885
15.38,35.9555,0.438581,35.5181,0.260046,35.8761,0.53295
15.39,35.9758,0.438581,35.669,0.149235,35.8662,0.486851
15.4,35.9961,0.438581,35.8135,0.330758,35.8749,0.468104
15.41,36.0164,0.438581,36.2316,0.199354,35.9345,0.43487
15.42,36.0367,0.438581,35.58,0.483715,35.9062,0.440534
15.43,36.057,0.438581,35.9093,0.572133,35.9216,0.45666
15.44,36.0773,0.438581,36.5206,0.414584,36.0113,0.451473
15.45,36.0976,0.438581,36.6119,0.62388,36.1028,0.472936
15.46,36.1178,0.438581,35.9866,0.178402,36.1064,0.436601
15.47,36.1381,0.438581,35.785,0.0726125,36.084,0.390793
15.48,36.1584,0.438581,36.5844,-0.164129,36.1633,0.320167
15.49,36.1787,0.438581,36.2946,0.539928,36.1978,0.344702
15.5,36.199,0.438581,36.0288,0.842606,36.1952,0.404555
15.51,36.2193,0.438581,35.7632,0.860546,36.1592,0.460544
15.52,36.2396,0.438581,36.0138,0.240638,36.1577,0.433436
15.53,36.2599,0.438581,36.2878,0.502512,36.1902,0.441789
15.54,36.2802,0.438581,36.0948,0.464697,36.1948,0.444569
15.55,36.3005,0.438581,35.9782,0.748231,36.184,0.482448
15.56,36.3208,0.438581,36.56,0.598768,36.2465,0.497777
15.57,36.3411,0.438581,36.5107,0.521986,36.296,0.501926
15.58,36.3614,0.438581,35.9767,1.05991,36.2734,0.572748
15.59,36.3817,0.438581,36.5617,0.495393,36.3257,0.565805
15.6,36.402,0.438581,36.374,0.466156,36.3487,0.555861
15.61,36.4223,0.438581,36.0559,0.737657,36.3293,0.580758
15.62,36.4426,0.438581,36.1705,0.762349,36.3258,0.606119
15.63,36.4628,0.438581,36.3499,0.407216,36.3445,0.584485
15.64,36.4831,0.438581,37.3177,0.506261,36.4818,0.577358
15.65,36.5034,0.438581,35.9411,0.309814,36.4327,0.546384
15.66,36.5237,0.438581,36.9777,0.673593,36.5176,0.563934
15.67,36.544,0.438581,36.3724,0.806958,36.5178,0.596278
15.68,36.5643,0.438581,36.2207,0.229081,36.4986,0.55313
15.69,36.5846,0.438581,37.0229,0.658922,36.581,0.567995
15.7,36.6049,0.438581,36.3314,0.607274,36.5682,0.574844
15.71,36.6252,0.438581,36.5075,0.382371,36.5782,0.552873
15.72,36.6455,0.438581,35.9867,0.877239,36.5218,0.594867
15.73,36.6658,0.438581,36.548,0.472859,36.5408,0.582039
15.74,36.6861,0.438581,36.8237,0.464951,36.5919,0.569484
15.75,36.7064,0.438581,36.7724,0.653943,36.6309,0.581755
15.76,36.7267,0.438581,36.9592,0.996176,36.6888,0.635426
15.77,36.747,0.438581,36.7266,0.505606,36.7113,0.622306
15.78,36.7673,0.438581,36.9144,0.616936,36.7544,0.624353
15.79,36.7876,0.438581,36.8901,-0.0745316,36.7897,0.539834
15.8,36.8078,0.438581,36.2905,-0.124511,36.746,0.457709
15.81,36.8281,0.438581,36.7096,0.066581,36.7587,0.407862
15.82,36.8484,0.438581,37.1052,0.620946,36.819,0.432351
15.83,36.8687,0.438581,37.4412,0.100821,36.9146,0.389466
15.84,36.889,0.438581,37.2284,0.118321,36.9733,0.353216
15.85,36.9093,0.438581,36.7165,0.835765,36.9616,0.410286
15.86,36.9296,0.438581,36.9061,0.820217,36.9743,0.459621
15.87,36.9499,0.438581,37.3658,0.766282,37.0426,0.497194
15.88,36.9702,0.438581,36.5193,0.376304,36.9977,0.482252
15.89,36.9905,0.438581,36.787,0.137488,36.9903,0.439043
15.9,37.0108,0.438581,36.6223,0.322296,36.9627,0.423347
15.91,37.0311,0.438581,36.9956,0.0166402,36.984,0.371153
15.92,37.0514,0.438581,37.0112,0.458093,37.0047,0.379454
15.93,37.0717,0.438581,36.6698,0.152314,36.9802,0.348808
15.94,37.092,0.438581,36.543,0.323693,36.9419,0.342758
15.95,37.1123,0.438581,36.6256,-0.0470498,36.9175,0.29114
15.96,37.1326,0.438581,37.0412,0.270735,36.9471,0.284565
15.97,37.1529,0.438581,37.0176,0.448014,36.9704,0.300889
15.98,37.1731,0.438581,37.262,0.505441,37.0213,0.322802
15.99,37.1934,0.438581,36.7732,0.534828,37.0057,0.346216
16,37.2137,0.438581,36.984,0.59122,37.0176,0.374334
16.01,37.234,0.438581,37.6231,-0.231831,37.1077,0.296912
16.02,37.2543,0.438581,37.708,0.0273745,37.1988,0.259849
16.03,37.2746,0.438581,36.5811,0.573476,37.1394,0.294833
16.04,37.2949,0.438581,38.0083,0.526102,37.2638,0.320408
16.05,37.3152,0.438581,37.6291,0.412103,37.3277,0.329208
16.06,37.3355,0.438581,37.2325,0.933765,37.335,0.402266
16.07,37.3558,0.438581,37.1547,0.850164,37.3314,0.457432
16.08,37.3761,0.438581,37.3446,0.446542,37.3514,0.456571
16.09,37.3964,0.438581,37.4418,0.362864,37.3811,0.445344
16.1,37.4167,0.438581,37.1019,0.672786,37.3648,0.473935
16.11,37.437,0.438581,37.3856,0.769179,37.3851,0.511608
16.12,37.4573,0.438581,37.0449,0.618602,37.3603,0.526592
16.13,37.4776,0.438581,37.0857,0.198617,37.3428,0.487584
16.14,37.4979,0.438581,37.0829,0.489268,37.3263,0.488813
16.15,37.5181,0.438581,37.1652,0.541754,37.3214,0.496439
16.16,37.5384,0.438581,37.5559,0.571398,37.3653,0.506954
16.17,37.5587,0.438581,37.7416,0.466365,37.4275,0.503252
16.18,37.579,0.438581,37.7123,0.82325,37.4793,0.544431
16.19,37.5993,0.438581,37.8759,0.456101,37.5458,0.535525
16.2,37.6196,0.438581,37.5595,0.197997,37.5655,0.495274
16.21,37.6399,0.438581,38.0251,0.54135,37.6409,0.501966
16.22,37.6602,0.438581,37.9729,0.537377,37.7015,0.507449
16.23,37.6805,0.438581,37.9598,0.753297,37.7538,0.539287
16.24,37.7008,0.438581,37.6087,0.497656,37.7564,0.535917
16.25,37.7211,0.438581,37.4252,0.584491,37.7353,0.543685
16.26,37.7414,0.438581,37.6347,0.359205,37.742,0.522497
16.27,37.7617,0.438581,38.2285,0.240031,37.8216,0.488572
16.28,37.782,0.438581,37.8738,0.88333,37.8483,0.538383
16.29,37.8023,0.438581,37.8129,0.624315,37.8641,0.550731
16.3,37.8226,0.438581,37.7757,0.358687,37.8732,0.52862
16.31,37.8429,0.438581,37.4824,0.475664,37.8442,0.523336
16.32,37.8631,0.438581,37.559,0.244294,37.8273,0.489691
16.33,37.8834,0.438581,37.7333,0.0251791,37.8334,0.432135
16.34,37.9037,0.438581,38.4173,0.451008,37.9238,0.433632
16.35,37.924,0.438581,37.4883,0.626869,37.8885,0.456941
16.36,37.9443,0.438581,37.9305,0.894775,37.9116,0.511303
16.37,37.9646,0.438581,37.9043,0.0467397,37.9286,0.454252
16.38,37.9849,0.438581,37.7316,0.497973,37.9218,0.459359
16.39,38.0052,0.438581,37.4518,0.192262,37.8803,0.425799
16.4,38.0255,0.438581,38.0518,-0.192086,37.9176,0.347736
16.41,38.0458,0.438581,38.538,0.57738,38.0113,0.373753
16.42,38.0661,0.438581,37.875,0.617323,38.0122,0.402142
16.43,38.0864,0.438581,38.1122,0.530534,38.0422,0.416829
16.44,38.1067,0.438581,37.9702,0.798323,38.0509,0.463455
16.45,38.127,0.438581,38.0916,0.934277,38.0735,0.522272
16.46,38.1473,0.438581,38.3382,0.586504,38.1241,0.531637
16.47,38.1676,0.438581,38.1615,-0.297609,38.1469,0.429676
16.48,38.1879,0.438581,38.4143,0.812228,38.1985,0.476666
16.49,38.2081,0.438581,38.6822,0.0961927,38.2778,0.429486
16.5,38.2284,0.438581,38.3688,0.110595,38.3093,0.388951
16.51,38.2487,0.438581,38.1456,0.389377,38.3093,0.387395
16.52,38.269,0.438581,37.6698,0.633484,38.2493,0.416502
16.53,38.2893,0.438581,37.8906,0.339055,38.2226,0.405911
16.54,38.3096,0.438581,39.0999,0.369538,38.3491,0.400237
16.55,38.3299,0.438581,38.3734,0.483772,38.3715,0.409431
16.56,38.3502,0.438581,39.1101,0.642183,38.483,0.437478
16.57,38.3705,0.438581,37.9664,0.00340143,38.4398,0.38295
16.58,38.3908,0.438581,38.3167,0.394079,38.4443,0.382795
16.59,38.4111,0.438581,37.885,0.0912444,38.3939,0.344904
16.6,38.4314,0.438581,38.0287,0.458512,38.3662,0.356781
16.61,38.4517,0.438581,38.5615,0.244985,38.4074,0.340848
16.62,38.472,0.438581,38.6879,0.197497,38.4597,0.320678
16.63,38.4923,0.438581,38.171,-0.165269,38.4416,0.257372
16.64,38.5126,0.438581,38.2676,0.35089,38.4371,0.265059
16.65,38.5329,0.438581,38.0891,0.232653,38.4102,0.257299
16.66,38.5532,0.438581,38.3534,0.682574,38.4188,0.306576
16.67,38.5734,0.438581,38.5275,-0.172219,38.4478,0.244208
16.68,38.5937,0.438581,37.6369,0.485129,38.3622,0.270353
16.69,38.614,0.438581,38.2942,1.03376,38.3671,0.362369
16.7,38.6343,0.438581,38.6272,-0.0353937,38.4128,0.311578
16.71,38.6546,0.438581,38.1061,0.566744,38.3883,0.341182
16.72,38.6749,0.438581,39.3127,0.144126,38.5166,0.315058
16.73,38.6952,0.438581,38.5177,0.649694,38.5322,0.35475
16.74,38.7155,0.438581,38.6526,-0.0444368,38.5626,0.303789
16.75,38.7358,0.438581,38.6749,0.516407,38.5923,0.328088
16.76,38.7561,0.438581,39.3084,1.01797,38.6976,0.412532
16.77,38.7764,0.438581,38.3352,0.64355,38.6702,0.441603
16.78,38.7967,0.438581,38.9375,0.580406,38.7204,0.459796
16.79,38.817,0.438581,38.5216,0.519274,38.713,0.468466
16.8,38.8373,0.438581,38.6297,0.836859,38.7195,0.515844
16.81,38.8576,0.438581,38.5856,-0.356017,38.7194,0.409453
16.82,38.8779,0.438581,38.2185,0.901212,38.6731,0.47084
16.83,38.8982,0.438581,38.9316,0.373692,38.7201,0.46008
16.84,38.9184,0.438581,38.9754,0.19709,38.7674,0.428355
16.85,38.9387,0.438581,38.7791,0.6955,38.7849,0.462064
16.86,38.959,0.438581,39.1109,0.251017,38.8416,0.436827
16.87,38.9793,0.438581,38.8071,0.784022,38.8542,0.480674
16.88,38.9996,0.438581,38.7773,-0.0223424,38.8614,0.41937
16.89,39.0199,0.438581,39.5086,0.627257,38.9586,0.445401
16.9,39.0402,0.438581,39.2309,0.479992,39.0108,0.450374
16.91,39.0605,0.438581,39.2553,0.795783,39.0602,0.494226
16.92,39.0808,0.438581,38.2885,0.492857,38.9834,0.495744
16.93,39.1011,0.438581,39.9403,0.555646,39.1201,0.504899
16.94,39.1214,0.438581,39.2216,0.958527,39.1527,0.563345
16.95,39.1417,0.438581,39.9407,0.425623,39.2711,0.549229
16.96,39.162,0.438581,38.8465,0.53549,39.2403,0.5502
16.97,39.1823,0.438581,39.2741,0.622632,39.2655,0.561878
16.98,39.2026,0.438581,38.883,0.349866,39.2387,0.53825
16.99,39.2229,0.438581,39.1941,0.431784,39.253,0.527205
17,39.2432,0.438581,38.9707,0.519261,39.2375,0.528158
17.01,39.2634,0.438581,39.5986,0.44238,39.3014,0.51937
17.02,39.2837,0.438581,39.877,0.618649,39.393,0.533434
17.03,39.304,0.438581,39.263,-0.0869699,39.3981,0.457956
17.04,39.3243,0.438581,39.1418,0.792204,39.387,0.499909
17.05,39.3446,0.438581,39.3238,-0.0890512,39.3992,0.427567
17.06,39.3649,0.438581,39.1229,0.620697,39.3846,0.45121
17.07,39.3852,0.438581,38.9046,0.788187,39.3438,0.493333
17.08,39.4055,0.438581,39.5656,0.19611,39.3891,0.457233
17.09,39.4258,0.438581,39.3879,0.492894,39.4072,0.46186
17.1,39.4461,0.438581,39.2526,0.193084,39.4061,0.428593
17.11,39.4664,0.438581,39.2011,0.191663,39.3982,0.398565
17.12,39.4867,0.438581,39.7059,0.87054,39.4537,0.456356
17.13,39.507,0.438581,39.8366,0.766581,39.5194,0.495254
17.14,39.5273,0.438581,39.339,0.631216,39.5157,0.513252
17.15,39.5476,0.438581,39.8032,0.106689,39.5699,0.463917
17.16,39.5679,0.438581,40.2047,0.0707554,39.6681,0.41514
17.17,39.5882,0.438581,39.2263,0.868613,39.6337,0.470939
17.18,39.6084,0.438581,39.0378,-0.114276,39.5788,0.398362
17.19,39.6287,0.438581,39.8113,0.968899,39.6256,0.468412
17.2,39.649,0.438581,39.6146,1.12595,39.6425,0.550878
17.21,39.6693,0.438581,39.7613,0.188706,39.6756,0.50789
17.22,39.6896,0.438581,39.5083,0.59829,39.6732,0.520382
17.23,39.7099,0.438581,39.8074,0.966721,39.708,0.577535
17.24,39.7302,0.438581,39.5374,1.0428,39.705,0.638263
17.25,39.7505,0.438581,39.7098,0.0783882,39.7234,0.572326
17.26,39.7708,0.438581,39.7024,-0.0797248,39.7385,0.493347
17.27,39.7911,0.438581,40.0699,0.360513,39.7975,0.477373
17.28,39.8114,0.438581,40.061,0.266203,39.8488,0.451259
17.29,39.8317,0.438581,40.0151,0.0532201,39.8887,0.401249
17.3,39.852,0.438581,40.0387,0.701949,39.927,0.437348
17.31,39.8723,0.438581,39.7494,0.475725,39.9247,0.441538
17.32,39.8926,0.438581,40.3714,0.567066,39.9998,0.456709
17.33,39.9129,0.438581,39.8894,-0.025599,40.0065,0.396374
17.34,39.9332,0.438581,39.8605,0.605364,40.0084,0.420989
17.35,39.9534,0.438581,39.8492,0.349193,40.0082,0.41114
17.36,39.9737,0.438581,39.7483,0.589976,39.9949,0.432374
17.37,39.994,0.438581,40.3803,0.68939,40.0614,0.463855
17.38,40.0143,0.438581,39.8036,0.201714,40.0487,0.431255
17.39,40.0346,0.438581,39.8745,0.0772157,40.0456,0.386471
17.4,40.0549,0.438581,40.3477,0.279446,40.1014,0.371547
17.41,40.0752,0.438581,40.3495,0.587067,40.1512,0.396586
17.42,40.0955,0.438581,40.3387,0.0354791,40.1941,0.350262
17.43,40.1158,0.438581,39.9569,0.755647,40.1844,0.398607
17.44,40.1361,0.438581,39.8812,0.344649,40.1658,0.390744
17.45,40.1564,0.438581,39.8878,0.425402,40.1494,0.393795
17.46,40.1767,0.438581,40.1545,0.501343,40.1676,0.406041
17.47,40.197,0.438581,40.0266,0.316425,40.1675,0.39398
17.48,40.2173,0.438581,39.9278,0.714258,40.1546,0.432828
17.49,40.2376,0.438581,40.3782,0.0256645,40.1989,0.381777
17.5,40.2579,0.438581,39.9063,0.439569,40.1793,0.387636
17.51,40.2782,0.438581,40.6519,0.220517,40.2543,0.365591
17.52,40.2985,0.438581,40.085,0.644509,40.2504,0.398754
17.53,40.3187,0.438581,40.6867,0.589813,40.3216,0.42172
17.54,40.339,0.438581,39.9269,0.406663,40.2903,0.419488
17.55,40.3593,0.438581,40.5761,0.712163,40.3427,0.455619
17.56,40.3796,0.438581,40.1607,0.0912563,40.3375,0.410558
17.57,40.3999,0.438581,40.548,0.890324,40.3807,0.469839
17.58,40.4202,0.438581,40.4162,0.754906,40.4026,0.506136
17.59,40.4405,0.438581,40.2915,0.558929,40.4063,0.514223
17.6,40.4608,0.438581,40.3463,-0.331114,40.416,0.410373
17.61,40.4811,0.438581,40.1639,-0.168461,40.4014,0.337467
17.62,40.5014,0.438581,40.2548,0.526388,40.3993,0.358791
17.63,40.5217,0.438581,40.3846,0.272704,40.4133,0.346319
17.64,40.542,0.438581,40.5587,0.523222,40.4471,0.366436
17.65,40.5623,0.438581,40.4664,0.916511,40.4655,0.43361
17.66,40.5826,0.438581,40.6387,0.308383,40.5031,0.418019
17.67,40.6029,0.438581,40.6733,0.909492,40.5408,0.479044
17.68,40.6232,0.438581,40.6204,0.902876,40.5676,0.53297
17.69,40.6435,0.438581,40.4998,0.495257,40.5761,0.530454
17.7,40.6637,0.438581,40.436,0.305362,40.5754,0.504446
17.71,40.684,0.438581,40.9934,0.430255,40.6439,0.496647
17.72,40.7043,0.438581,40.6406,0.162076,40.6609,0.456149
17.73,40.7246,0.438581,41.4247,0.264601,40.7736,0.432582
17.74,40.7449,0.438581,40.7984,-0.0469197,40.7961,0.372557
17.75,40.7652,0.438581,40.3993,-0.0173362,40.766,0.322406
17.76,40.7855,0.438581,40.675,0.10615,40.7729,0.292864
17.77,40.8058,0.438581,40.899,-0.0150371,40.8066,0.251303
17.78,40.8261,0.438581,40.7679,0.655234,40.82,0.297741
17.79,40.8464,0.438581,40.0919,0.871327,40.7472,0.366464
17.8,40.8667,0.438581,40.9193,0.427378,40.7847,0.372786
17.81,40.887,0.438581,40.2508,0.588596,40.7346,0.398608
17.82,40.9073,0.438581,41.3448,0.826814,40.8257,0.451526
17.83,40.9276,0.438581,41.1409,0.321194,40.8816,0.435916
17.84,40.9479,0.438581,40.5078,0.128019,40.8523,0.39779
17.85,40.9682,0.438581,40.9694,0.309724,40.8832,0.386255
17.86,40.9885,0.438581,41.2719,0.194706,40.9483,0.361568
17.87,41.0087,0.438581,41.0351,0.677035,40.9767,0.39963
17.88,41.029,0.438581,41.3378,0.523595,41.0395,0.41466
17.89,41.0493,0.438581,40.9967,0.348863,41.0529,0.40635
17.9,41.0696,0.438581,41.4882,0.413418,41.1257,0.406953
17.91,41.0899,0.438581,41.5346,0.271782,41.1964,0.389826
17.92,41.1102,0.438581,41.5442,0.625007,41.2605,0.418547
17.93,41.1305,0.438581,41.2993,0.416008,41.2869,0.418247
17.94,41.1508,0.438581,41.1439,0.663703,41.2907,0.448888
17.95,41.1711,0.438581,41.7697,0.557987,41.3716,0.463182
17.96,41.1914,0.438581,41.4645,0.60194,41.4056,0.481473
17.97,41.2117,0.438581,41.1968,0.726348,41.4022,0.513382
17.98,41.232,0.438581,41.2134,0.0859357,41.4006,0.462057
17.99,41.2523,0.438581,41.0332,0.112117,41.3761,0.41923
18,41.2726,0.438581,41.3379,0.347174,41.3916,0.410123
18.01,41.2929,0.438581,41.4188,0.194781,41.4152,0.382939
18.02,41.3132,0.438581,40.4332,0.665213,41.3128,0.417266
18.03,41.3335,0.438581,41.0948,-0.0904499,41.303,0.353783
18.04,41.3537,0.438581,41.132,0.398727,41.2984,0.357881
18.05,41.374,0.438581,41.4048,0.0736814,41.3279,0.321033
18.06,41.3943,0.438581,40.6947,0.784646,41.2654,0.376732
18.07,41.4146,0.438581,41.4339,0.412475,41.3011,0.38031
18.08,41.4349,0.438581,41.5713,-0.141537,41.3499,0.314407
18.09,41.4552,0.438581,41.6739,0.452365,41.4061,0.329419
18.1,41.4755,0.438581,41.4241,0.327885,41.425,0.327407
18.11,41.4958,0.438581,41.9714,0.0651387,41.5098,0.29286
18.12,41.5161,0.438581,41.5179,0.0863873,41.5289,0.264565
18.13,41.5364,0.438581,41.3413,0.0635145,41.5235,0.236392
18.14,41.5567,0.438581,41.2573,0.536602,41.5078,0.270231
18.15,41.577,0.438581,42.1215,0.347757,41.601,0.277112
18.16,41.5973,0.438581,41.1254,0.860749,41.56,0.34737
18.17,41.6176,0.438581,41.77,0.412756,41.6032,0.354558
18.18,41.6379,0.438581,41.2765,0.275586,41.5799,0.343912
18.19,41.6582,0.438581,41.5728,0.498424,41.5955,0.36219
18.2,41.6785,0.438581,41.319,0.104206,41.5775,0.329418
18.21,41.6987,0.438581,42.0027,0.418886,41.6462,0.339301
18.22,41.719,0.438581,41.8595,-0.278077,41.6896,0.261226
18.23,41.7393,0.438581,41.4747,0.324212,41.68,0.266372
18.24,41.7596,0.438581,41.3409,0.127996,41.6544,0.24657
18.25,41.7799,0.438581,41.8439,0.715031,41.6937,0.302124
18.26,41.8002,0.438581,41.4736,0.809556,41.6824,0.36383
18.27,41.8205,0.438581,41.9515,0.250597,41.7314,0.349473
18.28,41.8408,0.438581,42.3622,0.847253,41.8263,0.411056
18.29,41.8611,0.438581,41.8639,1.01286,41.8489,0.486979
18.3,41.8814,0.438581,41.7517,0.168702,41.8546,0.449727
18.31,41.9017,0.438581,41.6039,0.029262,41.8409,0.398847
18.32,41.922,0.438581,41.25,0.00635836,41.784,0.350305
18.33,41.9423,0.438581,42.3553,0.473512,41.8705,0.365044
18.34,41.9626,0.438581,41.9111,0.634203,41.8922,0.398334
18.35,41.9829,0.438581,41.764,0.0104091,41.893,0.350363
18.36,42.0032,0.438581,42.4182,0.458701,41.9749,0.36326
18.37,42.0235,0.438581,42.7908,0.261532,42.0944,0.35024
18.38,42.0438,0.438581,42.535,0.819866,42.1693,0.408243
18.39,42.064,0.438581,42.7597,-0.304191,42.264,0.320021
18.4,42.0843,0.438581,42.2267,0.341512,42.2819,0.321439
18.41,42.1046,0.438581,42.3202,0.299295,42.3091,0.317474
18.42,42.1249,0.438581,42.5602,0.946525,42.3629,0.394714
18.43,42.1452,0.438581,42.3822,0.962712,42.3883,0.466056
18.44,42.1655,0.438581,43.1617,0.636143,42.5079,0.489292
18.45,42.1858,0.438581,42.1286,1.0177,42.4856,0.557701
18.46,42.2061,0.438581,42.7105,0.0543149,42.5376,0.498787
18.47,42.2264,0.438581,42.1783,0.352685,42.5173,0.483073
18.48,42.2467,0.438581,41.7219,0.546095,42.4415,0.493048
18.49,42.267,0.438581,42.5777,0.917197,42.4797,0.548253
18.5,42.2873,0.438581,42.2475,0.627268,42.4722,0.56154
18.51,42.3076,0.438581,42.1874,0.928763,42.4575,0.610998
18.52,42.3279,0.438581,42.1167,0.458337,42.4349,0.59657
18.53,42.3482,0.438581,41.6219,0.291742,42.3524,0.562722
18.54,42.3685,0.438581,42.9044,0.602865,42.438,0.571078
18.55,42.3888,0.438581,42.2239,0.473626,42.4294,0.562363
18.56,42.409,0.438581,41.8883,0.155228,42.3794,0.514726
18.57,42.4293,0.438581,42.5782,0.696807,42.4202,0.539496
18.58,42.4496,0.438581,42.6088,0.266999,42.4602,0.50803
18.59,42.4699,0.438581,42.0678,0.509777,42.4282,0.510034
18.6,42.4902,0.438581,42.7785,0.715301,42.4877,0.537435
18.61,42.5105,0.438581,42.9538,0.451971,42.5626,0.529111
18.62,42.5308,0.438581,42.9377,0.712959,42.6273,0.554153
18.63,42.5511,0.438581,42.1336,0.271863,42.5846,0.521522
18.64,42.5714,0.438581,43.2344,0.281017,42.6832,0.493327
18.65,42.5917,0.438581,42.6687,0.656992,42.7006,0.514905
18.66,42.612,0.438581,42.5669,0.647006,42.703,0.532987
18.67,42.6323,0.438581,42.6272,0.729099,42.7123,0.559413
18.68,42.6526,0.438581,42.7786,0.203624,42.739,0.517497
18.69,42.6729,0.438581,42.643,0.503953,42.7455,0.517311
18.7,42.6932,0.438581,42.3036,0.225454,42.7086,0.482352
18.71,42.7135,0.438581,43.4541,0.57424,42.8186,0.49448
18.72,42.7338,0.438581,42.6007,0.539156,42.8104,0.500965
18.73,42.754,0.438581,43.3562,0.891531,42.8968,0.550732
18.74,42.7743,0.438581,42.581,-0.470956,42.8771,0.425328
18.75,42.7946,0.438581,43.0428,0.879564,42.9166,0.481308
18.76,42.8149,0.438581,42.3765,0.429756,42.8684,0.475414
18.77,42.8352,0.438581,42.712,0.705786,42.8665,0.504558
18.78,42.8555,0.438581,42.2155,0.663384,42.8025,0.525401
18.79,42.8758,0.438581,43.3934,0.178939,42.8916,0.48362
18.8,42.8961,0.438581,42.9178,0.145343,42.9118,0.441911
18.81,42.9164,0.438581,42.4399,0.00779408,42.8698,0.387317
18.82,42.9367,0.438581,42.8304,0.94287,42.8805,0.455039
18.83,42.957,0.438581,43.2026,0.213166,42.9361,0.424773
18.84,42.9773,0.438581,42.8655,0.40333,42.9436,0.421354
18.85,42.9976,0.438581,43.0859,0.345733,42.9774,0.411118
18.86,43.0179,0.438581,43.1402,1.00768,43.014,0.484558
18.87,43.0382,0.438581,43.0485,0.609189,43.0351,0.500739
18.88,43.0585,0.438581,43.4717,0.723277,43.1064,0.529476
18.89,43.0788,0.438581,43.3803,0.536765,43.1585,0.531956
18.9,43.099,0.438581,43.3007,0.462948,43.1949,0.52493
18.91,43.1193,0.438581,43.1467,0.179057,43.2078,0.483161
18.92,43.1396,0.438581,42.9274,0.578026,43.1916,0.495443
18.93,43.1599,0.438581,43.4455,0.515549,43.2412,0.498654
18.94,43.1802,0.438581,43.0879,0.471024,43.2407,0.49596
18.95,43.2005,0.438581,43.4031,0.757353,43.279,0.529255
18.96,43.2208,0.438581,43.2807,0.480175,43.2978,0.524518
18.97,43.2411,0.438581,43.7902,0.846392,43.3776,0.565934
18.98,43.2614,0.438581,43.0181,0.414988,43.3525,0.549222
18.99,43.2817,0.438581,43.2039,0.871368,43.3526,0.591127
19,43.302,0.438581,43.3181,0.407308,43.3665,0.570768
19.01,43.3223,0.438581,43.47,0.928979,43.3975,0.617538
19.02,43.3426,0.438581,42.8643,0.440688,43.3493,0.59851
19.03,43.3629,0.438581,43.674,0.319724,43.4066,0.56627
19.04,43.3832,0.438581,43.6581,0.712914,43.4556,0.586349
19.05,43.4035,0.438581,43.7035,-0.0277953,43.5048,0.511885
19.06,43.4238,0.438581,43.6105,0.319424,43.5368,0.48836
19.07,43.444,0.438581,43.1435,0.574551,43.5068,0.49908
19.08,43.4643,0.438581,43.6851,0.468759,43.547,0.495496
19.09,43.4846,0.438581,43.6324,0.393125,43.5761,0.482838
19.1,43.5049,0.438581,43.7728,0.540472,43.6192,0.489867
19.11,43.5252,0.438581,43.249,0.185125,43.5921,0.451834
19.12,43.5455,0.438581,43.6723,0.542945,43.6201,0.462366
19.13,43.5658,0.438581,43.5617,-0.0314076,43.6309,0.400163
19.14,43.5861,0.438581,43.6806,0.0990785,43.655,0.36066
19.15,43.6064,0.438581,43.7679,0.572483,43.6871,0.384346
19.16,43.6267,0.438581,43.4822,0.103951,43.6798,0.347195
19.17,43.647,0.438581,43.677,0.402159,43.6971,0.351135
19.18,43.6673,0.438581,43.7826,0.562907,43.7253,0.374802
19.19,43.6876,0.438581,43.8479,0.565782,43.7584,0.396461
19.2,43.7079,0.438581,43.4202,0.288353,43.7342,0.381325
19.21,43.7282,0.438581,44.1133,0.73451,43.7986,0.423463
19.22,43.7485,0.438581,44.1979,0.449692,43.8665,0.425771
19.23,43.7688,0.438581,44.2085,0.238149,43.9282,0.401467
19.24,43.7891,0.438581,43.7641,0.202479,43.9277,0.375235
19.25,43.8093,0.438581,43.907,0.433591,43.9445,0.380579
19.26,43.8296,0.438581,44.3539,-0.075353,44.0149,0.32191
19.27,43.8499,0.438581,44.4676,0.179465,44.0918,0.301122
19.28,43.8702,0.438581,43.8312,0.303836,44.0808,0.298069
19.29,43.8905,0.438581,44.2933,0.200886,44.1281,0.282568
19.3,43.9108,0.438581,43.901,0.92863,44.1211,0.359561
19.31,43.9311,0.438581,43.9118,0.433323,44.1155,0.366912
19.32,43.9514,0.438581,44.1823,0.89617,44.1438,0.431311
19.33,43.9717,0.438581,44.2979,0.30975,44.1831,0.415945
19.34,43.992,0.438581,43.5455,0.308362,44.124,0.401991
19.35,44.0123,0.438581,43.5754,0.538657,44.0742,0.418226
19.36,44.0326,0.438581,44.0713,0.598813,44.0909,0.440316
19.37,44.0529,0.438581,44.2506,0.487952,44.1279,0.44631
19.38,44.0732,0.438581,43.5555,0.40388,44.0738,0.441195
19.39,44.0935,0.438581,44.6559,0.349097,44.1623,0.429765
19.4,44.1138,0.438581,44.2447,0.480592,44.1899,0.435919
19.41,44.1341,0.438581,44.6637,0.578987,44.2665,0.453724
19.42,44.1543,0.438581,43.9006,1.0561,44.2396,0.529235
19.43,44.1746,0.438581,44.1613,0.453684,44.2475,0.521791
19.44,44.1949,0.438581,44.1167,0.932863,44.2486,0.574861
19.45,44.2152,0.438581,44.9603,0.416789,44.3544,0.558024
19.46,44.2355,0.438581,43.633,0.302667,44.2833,0.528606
19.47,44.2558,0.438581,44.3054,1.11376,44.3029,0.60337
19.48,44.2761,0.438581,43.9528,0.399852,44.2761,0.581308
19.49,44.2964,0.438581,43.651,-0.131311,44.2139,0.495151
19.5,44.3167,0.438581,44.6642,0.42741,44.2842,0.487513
19.51,44.337,0.438581,44.1886,0.600928,44.2876,0.502294
19.52,44.3573,0.438581,44.5256,-0.0569004,44.3323,0.433449
19.53,44.3776,0.438581,44.0225,0.461487,44.3092,0.436354
19.54,44.3979,0.438581,44.0196,0.191587,44.2877,0.405295
19.55,44.4182,0.438581,44.3346,0.20027,44.3074,0.378529
19.56,44.4385,0.438581,44.2844,0.385066,44.3185,0.377607
19.57,44.4588,0.438581,44.135,0.145144,44.3094,0.346885
19.58,44.4791,0.438581,44.7177,0.15873,44.3737,0.321062
19.59,44.4993,0.438581,44.1619,0.50333,44.3616,0.340958
19.6,44.5196,0.438581,44.3713,0.627797,44.3766,0.374409
19.61,44.5399,0.438581,44.6336,0.0430386,44.4224,0.331505
19.62,44.5602,0.438581,44.5067,0.664289,44.4473,0.37058
19.63,44.5805,0.438581,44.8517,0.432463,44.5123,0.376766
19.64,44.6008,0.438581,44.3306,0.403827,44.5052,0.37878
19.65,44.6211,0.438581,44.8949,0.552224,44.5689,0.39914
19.66,44.6414,0.438581,44.6741,0.11815,44.5982,0.363268
19.67,44.6617,0.438581,44.9786,0.443751,44.662,0.37174
19.68,44.682,0.438581,44.3242,0.468538,44.6371,0.382472
19.69,44.7023,0.438581,45.1833,0.465099,44.7216,0.391704
19.7,44.7226,0.438581,45.2681,0.648364,44.8076,0.422883
19.71,44.7429,0.438581,44.7527,0.328052,44.82,0.410902
19.72,44.7632,0.438581,45.0285,0.619048,44.865,0.436471
19.73,44.7835,0.438581,45.062,0.837554,44.9091,0.486686
19.74,44.8038,0.438581,44.2178,0.784629,44.8428,0.525125
19.75,44.8241,0.438581,45.4066,0.881463,44.9312,0.57166
19.76,44.8443,0.438581,45.0796,0.554392,44.9693,0.572539
19.77,44.8646,0.438581,44.786,1.13594,44.9663,0.645822
19.78,44.8849,0.438581,43.8961,0.700906,44.8521,0.657202
19.79,44.9052,0.438581,44.6829,0.684409,44.8473,0.665239
19.8,44.9255,0.438581,44.6358,0.838616,44.8367,0.691576
19.81,44.9458,0.438581,45.1068,0.470849,44.8856,0.669192
19.82,44.9661,0.438581,45.1108,0.18888,44.9296,0.613796
19.83,44.9864,0.438581,44.996,0.792416,44.9543,0.639303
19.84,45.0067,0.438581,44.7373,0.610573,44.9438,0.639412
19.85,45.027,0.438581,44.898,0.532405,44.954,0.629663
19.86,45.0473,0.438581,44.9759,0.403241,44.9725,0.604709
19.87,45.0676,0.438581,45.4077,0.284329,45.0426,0.567401
19.88,45.0879,0.438581,45.1201,0.230804,45.0692,0.527188
19.89,45.1082,0.438581,45.2843,0.775417,45.1131,0.55903
19.9,45.1285,0.438581,44.9671,1.08423,45.1125,0.626109
19.91,45.1488,0.438581,45.1733,0.887386,45.1372,0.661683
19.92,45.1691,0.438581,44.749,-0.0533463,45.106,0.576128
19.93,45.1894,0.438581,44.6495,0.156208,45.0652,0.525437
19.94,45.2096,0.438581,45.3746,0.910513,45.1187,0.574048
19.95,45.2299,0.438581,45.2421,0.380898,45.1497,0.551553
19.96,45.2502,0.438581,45.1916,0.511396,45.1709,0.547618
19.97,45.2705,0.438581,45.0035,0.682478,45.166,0.565409
19.98,45.2908,0.438581,45.3193,0.4693,45.2006,0.554744
19.99,45.3111,0.438581,44.7274,1.1535,45.1574,0.630523
